OA,OB,OC,OD,OE
159.7779709471866,202.5561650505854,213.693706037403,188.0,163.41358572652396
164.20109622045769,213.92755783208483,223.75432956704995,211.23683390924037,179.20379460268134
168.8342382338369,217.26481537515457,229.38613733179255,217.18655575334307,183.87223825254318
170.65169205138284,225.07998578283232,234.19649869287116,221.27358631341428,189.61276328348785
170.57842770995398,228.0350850198276,240.01041644062033,223.27113561766106,191.84629264074925
173.67786272291585,231.0411218809327,244.60784942433878,228.70942263055102,196.57314160383152
175.31685600648902,233.2659426491574,244.10653411983876,229.42754847663784,195.77793542685038
178.10109488714548,235.49097647256042,246.82990094394967,232.36393868240398,199.46177578674065
180.06943105369106,237.36048533822978,248.81519246219673,234.3608329051593,200.92784774639875
181.23189564753773,237.36048533822978,249.92999019725505,235.35929979501554,202.03960007879644
183.43936327844142,237.36048533822978,250.05599372940455,235.30618351416098,202.4080037943164
183.8069639594757,239.23210486889087,252.16859439668534,237.35627229968034,203.90193721492693
184.6131089603336,239.58505796480713,251.44780770569466,237.25513693068902,203.54115063052976
183.21571984958058,239.370006475331,252.30140705116966,236.21176939348302,201.89601283829256
183.0027322200409,237.71621736852538,251.3105648396024,236.25621684941964,202.8324431643025
184.6131089603336,239.17566765873153,251.88290930509754,236.13555429032706,200.26232796010336
182.80043763623763,238.8053600738476,250.7448902769506,235.2126697267815,200.60907257649143
182.80043763623763,238.8053600738476,250.59928172283335,235.2126697267815,200.9601950635996
183.40392580312997,238.4386713601634,248.766959220874,234.2584043316269,199.6722314193939
182.00274723201295,236.57768280207665,248.766959220874,233.25951213187426,198.73600579663466
180.41341413542398,236.21176939348302,247.63077353188558,232.36393868240398,199.81241202688085
179.62182495454164,234.2007685726074,248.47736315407084,232.48440807933767,197.9520143873257
180.41341413542398,232.91200054956377,246.35746386095144,231.42385356743154,197.02284131541703
180.60177186284747,232.91200054956377,246.49746449000241,230.4886114323222,196.0943650388761
180.41341413542398,232.91200054956377,246.35746386095144,231.48650068632512,196.468827043885
178.21896644296868,232.91200054956377,246.22144504490262,230.5558500667463,196.84765683136794
178.83232370016333,233.8482413874434,246.0894146443524,230.62740513651016,196.30843079195554
180.41341413542398,234.2007685726074,246.35746386095144,230.5558500667463,196.84765683136794
178.6644900364927,233.49946466748057,247.08095839218367,230.7834482799839,198.01010075246163
179.44915714485816,234.6955474652214,246.82990094394967,229.87170334775874,197.0913493789111
180.23595645708434,234.6955474652214,246.9534369066363,229.96086623597503,197.0913493789111
179.28747864811976,234.3608329051593,247.70345173210646,232.04525420701884,199.21094347449892
179.62182495454164,235.30405861353094,247.8225171367606,231.04977818643323,200.124960961895
179.20100446147057,235.03404008781365,247.08095839218367,230.8679276123039,197.89138435010253
180.60177186284747,235.37629447333902,247.08095839218367,231.8641843838759,199.7223072167954
177.80044994318772,234.43762496664223,246.82990094394967,230.95670589961227,197.89138435010253
179.20100446147057,234.43762496664223,247.08095839218367,231.8641843838759,198.80643852752857
179.0111728356641,235.72229423624742,248.07257002740147,232.86047324524614,199.32385707686876
179.20100446147057,235.1361307838504,247.08095839218367,230.8679276123039,197.0913493789111
179.20100446147057,236.07202290826416,248.07257002740147,230.8679276123039,196.57314160383152
179.20100446147057,234.78500803926983,246.9534369066363,230.95670589961227,196.9771560359221
179.0111728356641,234.43762496664223,246.82990094394967,229.87170334775874,196.0637651377735
178.21896644296868,234.0939982143925,246.71035649116962,230.05434140654683,196.4739168439414
177.4288589829738,234.3608329051593,245.7173172570464,230.05434140654683,195.97959077414157
179.44915714485816,236.24775131204953,247.58836806279893,231.24878378058554,197.3068675946177
178.83232370016333,235.30405861353094,246.59480935331953,230.15212360523637,195.0717816599828
177.73013250431114,236.5417510715603,247.37016796695596,231.46490014686893,197.25364381932212
178.5077029150283,236.22235287965447,247.2670621008791,229.36651891677653,195.0179478919825
177.99157283422156,235.28705871764387,247.07286374670934,228.72035327010144,191.41577782408638
176.13914953808538,234.88720697390056,244.73863609981976,223.8861317723811,182.4636950190366
175.41379649275024,233.33452380648689,242.20652344641752,218.50629281556172,171.30382365843442
171.8254928699464,233.20591759215716,239.2091135387613,215.82400237230334,161.91355718407277
170.20575783445165,234.3608329051593,237.35627229968034,210.95023109728987,153.79206741571556
168.65645555388622,235.42302351299458,233.42022191746798,203.35437049643167,146.2942240828393
166.0903368652132,232.95707759155977,228.3703133071372,197.1623696347759,136.34148304899725
165.05150711217394,233.3452377915607,228.42942017174582,194.02319448973105,133.98880550254935
165.19685227025363,233.80547470065795,229.49074055394914,193.06475597581243,129.31357237351384
165.46298679765212,229.96086623597503,229.31419493786248,192.43960091415696,128.2497563350512
164.46884203398528,226.79726629745784,229.31419493786248,186.52613757862463,126.4792473095883
160.9751533622503,225.71885167172013,226.37358503146962,184.78365728602733,125.93649193144932
150.2165104108067,221.9954954497951,219.91134577370036,177.9100896520487,119.4361754243663
158.86157496386593,223.89506470666117,221.0,182.1647605877712,119.33147112141039
149.04026301640775,222.64994947226015,222.19360926903366,190.70395905696347,126.17844506887855
141.7391971192161,222.81157959136684,225.6213642366343,195.92090240706835,129.86531484580476
132.5028301584536,225.5681715136247,227.4906591488978,198.92712233378333,131.52946437965906
126.84636376341263,225.37524265100637,229.10696191953662,202.88173895153798,138.75518008348374
127.01181047445942,230.05434140654683,233.93161393877486,205.08047201037937,145.90750494748377
126.28935030318273,232.0086205294967,236.31546711969574,209.2008604188807,150.65855435387664
127.66362050325849,233.00214591286493,238.43657437566074,211.59631376751344,155.42522317822161
128.41339493993607,236.00211863455803,241.69609016283238,216.33307652783935,163.835283135227
126.11502686040232,236.0,242.16110340019515,216.41164478835236,163.51758315239374
135.03332921912278,235.03404008781365,242.6849809938802,219.22819161777528,171.0263137648707
143.4015341619468,234.07691043757393,242.98971171636055,221.56263222845138,174.91712323268982
151.83214415926557,235.1361307838504,242.32416305436814,221.35265979879256,177.2596964907703
156.20819440733575,236.13555429032706,242.4912369550702,223.0201784592596,179.76929659983654
158.927656498169,237.21087664776252,243.47689828811275,224.14727301486406,182.0988742414406
158.927656498169,238.20999139414786,244.80604567698077,225.80744009000236,187.4459922217597
158.11388300841898,234.2584043316269,243.0164603478538,222.46797522340154,188.62131374794313
159.38004893963358,232.42202993692314,242.8373941550189,223.8861317723811,189.17980864775183
159.53056133543816,231.48650068632512,242.66231681083076,223.37636401374252,189.9315666233499
159.93123522314207,229.63013739489858,241.85326129701042,222.5690903966676,190.68560512005095
162.3884232326923,227.79376637651873,239.88538930080756,223.48601745970598,190.14205216100936
161.91355718407277,227.71253808255707,239.70815588961506,223.61797781037194,192.31484602078956
162.3607095328177,227.06827167175956,239.0397456491284,220.79175709251467,191.80198122021577
162.4130536625674,226.27637967759694,238.05251521460553,221.72054483064937,190.53608582103286
160.75136080294934,224.75097330156325,236.31546711969574,220.27255843613383,190.23406634985227
161.89502771858065,225.42848089804446,235.79016094824652,220.10906387516167,191.01047091717248
163.37074401495514,222.92599668948438,233.34309503390068,215.36248512682053,188.67167248953936
163.9176622576103,221.11761576138613,232.34887561595818,216.31458573105976,188.91532494744834
162.53307355735325,219.80445855350615,232.57256931977167,216.9331694324314,190.06577808748213
162.8066337714775,219.80445855350615,233.45235059857504,216.6217902243447,190.06577808748213
162.28986413205232,220.30206535572924,232.04525420701884,216.31458573105976,188.3454273402994
162.63148526653748,220.04544985070697,232.7767170487633,217.04377438664304,187.48866632412745
161.7188919081503,218.87439320304236,231.95258136093247,217.7200036744442,187.21645226849054
161.7188919081503,218.68927728629038,233.0407689654323,217.33154395991392,187.48866632412745
163.21764610482532,220.43593173527768,232.7767170487633,216.48094604375694,186.3866948041088
164.2589419179364,220.04544985070697,234.7701003109212,218.40329667841556,189.992105099133
164.83931569865243,220.238507078122,233.6193485137736,220.05681084665386,188.67962264113208
161.7188919081503,218.87439320304236,232.86047324524614,218.68013169924697,189.15602025840997
164.02743672934722,219.86586820150143,232.55106965997814,217.86234185833953,185.9247159470736
162.63148526653748,219.45614596087302,232.7767170487633,217.168137626126,187.22446421341417
163.44418007380992,218.27734651126764,231.70023737579555,218.13069476806788,187.22446421341417
163.682619724881,218.08255317654368,232.7767170487633,218.40329667841556,188.60805921274945
163.11039206623224,218.08255317654368,232.86047324524614,218.0022935659164,188.32153355365392
163.44418007380992,219.25783908448975,232.6972281742952,217.44194627532195,187.22446421341417
165.32392446346051,221.21934815924217,234.7701003109212,220.05681084665386,188.904737897174
164.50227961946302,219.06391761310215,232.86047324524614,218.40329667841556,188.904737897174
161.7188919081503,218.68927728629038,231.95258136093247,217.04377438664304,187.48866632412745
161.47135968957468,220.238507078122,232.7767170487633,217.44194627532195,186.6815470259447
161.15210206509875,217.70622407271685,233.0407689654323,217.04377438664304,188.32153355365392
161.7188919081503,218.08255317654368,231.8641843838759,218.13069476806788,187.52333188166213
162.8066337714775,218.68927728629038,233.0407689654323,217.33154395991392,187.77113729218343
162.5423021862309,218.87439320304236,233.0407689654323,217.7200036744442,187.77113729218343
164.7573974060042,219.06391761310215,232.94849216082082,217.04377438664304,187.77113729218343
161.4187101918486,218.68927728629038,233.0407689654323,218.0022935659164,188.32153355365392
162.5423021862309,217.89217516927954,233.0407689654323,218.68013169924697,186.6815470259447
161.9783936208777,218.68927728629038,232.94849216082082,217.04377438664304,186.3866948041088
161.9783936208777,218.87439320304236,232.94849216082082,218.40329667841556,186.3866948041088
162.5423021862309,219.06391761310215,232.94849216082082,218.13069476806788,187.22446421341417
160.86329600005092,217.34764779035453,234.23279018958897,218.28879952943075,189.15602025840997
162.5423021862309,217.70622407271685,232.04525420701884,217.44194627532195,185.84133017173548
161.69724796668618,218.50858106719744,233.13729860320507,218.0022935659164,188.32153355365392
162.24980739587951,218.87439320304236,231.95258136093247,218.40329667841556,189.44656238633627
160.86329600005092,217.17504460687928,232.24340679554285,217.33154395991392,188.04520733057782
163.63679292872982,217.52471123989568,232.14219780126146,217.44194627532195,187.77113729218343
162.53307355735325,218.3323155192561,232.14219780126146,218.96118377465902,188.06381895516213
163.63679292872982,218.68927728629038,230.95670589961227,216.20592036297248,186.93581786270923
160.0656115472652,220.1317787144782,231.3547060251855,216.6679487141557,189.4333655932872
162.28986413205232,220.30206535572924,232.14219780126146,217.33154395991392,188.04520733057782
160.37767924496225,218.8172753691993,232.4585984643287,218.57950498617203,188.04520733057782
161.75598906995685,220.47675614449702,233.0407689654323,217.04377438664304,187.77113729218343
159.3267083699403,219.64744478368056,232.57256931977167,218.22007240398395,188.3454273402994
159.0,221.93918085818015,234.13244115243833,217.91970998512272,188.3454273402994
158.80806024884254,219.49487465542333,231.57936004747918,217.91970998512272,187.52333188166213
159.66527487215245,220.79175709251467,234.33736364481018,218.8332698654389,188.09572031282372
159.66527487215245,220.6354459283458,234.44615586526473,219.4766502386985,188.09572031282372
157.2800050864699,220.4835594777987,233.5658365429328,216.9331694324314,188.43831882077487
157.2800050864699,221.6235547048192,235.2275494069519,217.88299612406655,188.67167248953936
158.14550262337528,221.6235547048192,234.23279018958897,217.88299612406655,189.25115587493778
158.80806024884254,221.77916944564473,234.0363219673391,217.88299612406655,187.85632808079689
156.7801007781281,219.64744478368056,233.45235059857504,219.14607000811125,188.91532494744834
156.7801007781281,221.472345903501,233.45235059857504,217.56838005555863,188.2153022471871
156.28499608087785,221.472345903501,233.23807579381202,219.46298093300382,189.02380802428036
156.66843970627906,221.18318200080222,233.5658365429328,218.83783950679097,188.0026595556563
155.65346125287417,222.76669409945464,234.7977853387889,220.77137495608437,189.20095137181525
152.0690632574555,221.65062598603234,234.5591609807641,217.89217516927954,185.0
149.48578527739687,221.09726366465958,232.93990641364996,215.72667892497674,182.60887163552596
151.82226450688975,225.07776433935007,233.45235059857504,215.35319825811735,180.42172818150257
139.83204210766573,225.64130827488125,234.44615586526473,216.31458573105976,177.53027910753704
135.18135966175217,223.64704335179573,229.0589443789524,209.0956718825141,168.6297719858507
129.0968628588627,227.05505940189926,235.1276249188938,211.9929244102265,163.1349134918703
130.5526713629407,222.00900882621858,230.5558500667463,207.50421682462263,153.40469353966978
137.03284277865654,219.18485349129398,223.503914954526,194.64840096954302,135.4400236266961
139.01438774457844,218.14673960433146,225.055548698538,190.51509126575775,134.35028842544403
149.04026301640775,218.27734651126764,220.05681084665386,184.13310403075272,124.06449935416659
147.12239802287073,224.03571143904713,223.32263655975405,185.43192821086663,124.04031602668546
145.03103116229988,219.18485349129398,221.32555207205516,195.1665955024066,142.6218777046495
152.5417975507041,222.72853431924702,224.0557966221807,198.97989848223364,149.0
157.88920165736477,222.9910312097776,230.13908837917995,207.3306537876153,155.6181223379848
160.37767924496225,226.27416997969522,235.10423220350586,215.20455385516357,167.70509831248424
170.41420128616042,231.22499864850255,240.01874926763534,218.07338214463496,173.5280957078709
175.93180496999398,235.80500418778223,248.03225596683993,218.97945109073592,176.00568172647155
181.2181006411887,242.099153240981,250.0,222.03152929257593,180.24705268048075
181.89282558693733,242.78591392418136,253.00790501484337,222.80035906613796,178.71765441612084
182.5212316416915,242.6375898330677,253.0177859360879,226.53035116734358,182.22239159883728
185.98118184375537,244.47699278255203,252.00198411917316,224.19857269840057,178.33956375409244
185.9704277566732,244.23349483639626,252.00198411917316,223.98660674245681,177.22866585290316
186.76188047886004,245.75190741884384,251.07170290576354,219.25783908448975,174.73408368146153
185.60711193270586,247.40654801358835,247.1639132235934,217.52471123989568,173.34935823359717
185.80096878111266,246.6779276708802,250.51147678300092,219.80445855350615,173.738308959193
185.39956850003725,243.81345327934633,251.87695408671274,220.0545386943882,174.77127910500627
185.85209172887994,244.85914318236107,251.56311335328954,219.66565503054863,175.025712396779
186.47251808242416,242.98148077579904,255.76551761330143,222.52415599210798,177.65415840897168
187.09623192357455,245.45875417267155,253.6631624812716,223.40322289528413,182.02472359545007
188.04254837669055,246.84002916869053,254.77244748991205,227.06827167175956,184.27153876819935
188.2179587605816,246.84002916869053,255.14309710435043,227.06827167175956,185.17289218457435
189.62067397834025,250.353749722268,255.14309710435043,227.79376637651873,184.8053029542172
188.2179587605816,246.84002916869053,256.2654873368632,226.97356674291393,183.89671013914307
188.403821617291,248.2780699135548,254.2833065696606,226.71568097509268,182.6608879864543
187.8004259846074,246.78938388836744,254.16726775885206,223.503914954526,180.42727066604982
190.06577808748213,250.3197954617253,253.84247083575278,221.14474897677312,174.77127910500627
190.14205216100936,250.69702830308938,248.8714527622644,211.0,164.34415109762804
191.84629264074925,252.00198411917316,246.4467488119898,206.4097865896867,151.24152868838638
196.70282153543198,254.4720023892609,239.841614404173,194.64840096954302,137.81872151489435
202.9507329378241,255.80656754665233,241.96280705926685,191.0863679072895,112.16059914247963
100.84641788382967,83.52843827104634,99.00505037623081,95.0789145920377,71.78439941937245
201.55644370746373,247.95160818191923,236.78260071213003,179.77764043395385,96.30160954002794
59.413803110051795,67.62396025078685,61.220911460055866,53.53503525729669,46.09772228646444
197.3854097951518,240.61587645041215,221.89411889457548,168.23792675850473,92.43916918709297
186.80738743422327,232.44139046219803,216.9539121564762,160.4244370412438,80.61017305526642
187.76847445724215,233.09440147716975,219.12781658201223,160.41508657230466,80.05623023850174
186.3571839237758,234.15593095200472,214.94650497274898,155.56670594957006,75.45197147855052
183.53473785635242,232.46720198772127,214.11445537375565,156.48642113614844,73.348483283569
179.8054504179448,233.54871012274933,213.84340064636083,154.67385040788247,76.48529270389177
181.289823211343,234.69128658729537,215.77998053572995,157.26728839781018,77.07788269017254
183.53473785635242,233.62362894193728,214.94650497274898,153.3883959105121,78.39005038906404
181.46625030566977,233.94443784796422,216.90550938138938,156.48642113614844,76.96752561957543
179.96110690924303,233.94443784796422,214.68348795377813,152.11837495845134,76.69419795525604
177.1383639983163,230.15212360523637,208.3122656014283,146.102703602637,74.63243262818116
177.45985461506498,221.06333933965624,202.7856010667424,147.12239802287073,74.72616676907762
172.8843544106869,220.41097976280582,202.5660386145713,143.5339681051144,75.69015788066504
167.20047846821492,215.59452683219953,196.72569735548024,140.41723540933285,72.53275122315436
167.0478973228936,213.9369065869655,193.64400326372103,135.09256086106296,69.12307863514182
130.59862173851607,203.54115063052976,192.23423212320952,149.83324063771698,66.30987860040162
153.83432646844463,197.69926656414282,186.33571852975479,128.9961239727768,72.3671196055225
158.8238017426859,212.24985276791125,191.9713520294109,135.5949851580065,92.17917335276988
160.3527361787132,217.91053209975877,202.70421801235415,149.21461054467824,111.01801655587259
160.5615146914104,221.472345903501,205.93445559206452,156.7226850203888,119.54078801814885
156.8948692596415,228.56071403458645,214.1821654573508,169.28378540191025,130.0
158.14550262337528,230.00869548780108,215.3369452741447,169.6850022836432,130.14607178090316
154.26276284314372,233.21449354617735,219.9659064491586,181.59570479501986,137.05838172107534
155.2063143045411,235.61409125941512,221.77916944564473,183.35757415498276,145.11374848717816
158.11388300841898,241.91320757660174,230.37577997697588,195.45076106272904,157.29272074701996
161.19863522995473,246.35746386095144,235.03191272676142,206.15528128088303,162.88953311984167
187.51533270642165,251.44780770569466,239.75404063331237,213.74049686477292,171.18703221914913
198.64037857394453,251.87298386289865,250.15395259719563,221.35265979879256,183.3712082089225
201.67548190099856,256.7975856584325,252.6697449240807,236.23081932719955,197.29419656948858
205.10485123467947,259.7941492797711,259.2392717163046,240.30813552603666,211.43556938225885
203.48218595248088,259.11580422660444,264.59402865522117,247.5520147362974,217.11057090800531
209.2510453976276,264.5770209220748,268.4641503068892,254.23021063595098,225.21989254948153
214.14014102918676,273.22701184180164,275.9601420495358,264.7659343646761,229.804264538324
212.7580785775243,272.6169473822198,276.65321252427196,266.27053911388697,233.0772404161333
217.4235497824465,273.64210202379314,283.45193596093145,271.67075661542964,239.35329536064467
176.24131184259835,239.17566765873153,252.1983346495373,237.06539182259397,201.69283576765935
181.79383927955314,247.1639132235934,261.23169792351007,248.08466296810852,211.65301793265317
186.72439583514523,252.6064132202506,268.36542251191753,251.58895047279003,211.5490486861144
190.9659655540746,257.00194551792794,271.3613826615718,255.27436220662662,213.76856644511605
195.2434377898525,262.36043909095747,275.5249534978638,258.11818998280614,216.453228204155
197.29419656948858,265.9323222175146,280.3016232560918,262.6194966105906,221.37072977247917
201.62589119455865,269.92035862453946,282.7083302628347,262.8345487183905,221.89411889457548
203.0,269.82401672201087,283.5718603811034,266.05450569385215,222.74873737015884
202.3116407921205,270.4902955745363,284.45034716097643,266.18038996139444,221.82200071228283
203.7694775966214,271.7370052090808,284.50834785643815,266.05450569385215,221.84679398179276
205.2364490045567,271.37059531201976,285.63263118908526,265.9323222175146,222.74873737015884
206.71236053995418,274.5323296080081,286.7699426369507,266.80704638371157,222.31958978011812
206.0412580043133,273.94159961568454,288.6936092122581,268.03917624108607,222.28135324403618
208.12496246245908,275.1908428709066,288.6936092122581,268.9107658685312,224.08257406590099
210.21179795625173,276.739950133695,290.7593506664919,269.9036865253974,224.98444390668436
210.21179795625173,277.39682766751315,290.7593506664919,271.1401851441427,226.3183598385248
211.62466774929618,276.739950133695,290.7593506664919,272.0091910211859,226.3183598385248
211.62466774929618,278.3522947633089,292.8275943281302,271.8896835115301,227.6532450899833
212.3628969476542,277.69407627819504,291.83043021590464,272.88275870783775,226.75316976836288
213.7755832643195,279.9017684831591,293.82477771624366,273.00183149568795,227.69497139814047
213.03755537463343,280.26416110519733,293.7515957403466,273.25080054777516,228.98908270919816
213.62116000059544,280.36048223670895,294.49108645254444,273.6512378923216,228.97379762758882
213.56497840235883,280.9216972752372,295.33201655086435,273.2471408816568,227.65983396286663
212.30167215544958,281.1494264621573,294.0612181162283,271.1051456538588,221.0701246211256
208.60009587725506,280.14282071829007,291.08418026406036,264.76404589747455,211.9858485842864
205.32169880458324,280.71693928225994,287.29427422070216,253.77549133042774,192.41881404893857
208.07931180201456,283.0494656416083,281.0284683088174,243.52823244954578,174.13213373757299
215.17667159801502,289.66359798911566,283.17662332897464,239.75404063331237,162.5607578722491
218.62525014279572,291.0755915565577,282.0868660537034,230.10649708341572,154.35349040433132
183.96738841436002,268.3616962235855,281.215220071745,237.17082451262846,143.50261321662404
222.4275162833951,265.9962405749375,260.69330639661615,208.86598574205422,133.18032887780387
213.78961621182634,273.80650101851126,257.9399154842073,202.3116407921205,115.73245007343446
198.65799757371965,278.12587078515367,271.1401851441427,214.76731594914529,127.47548783981962
158.76082640248507,276.63152387246106,276.90431560378397,231.8641843838759,139.2300254973761
169.49926253526885,283.28960446864266,281.46047679914136,235.74774654278247,144.80676779764127
173.92239648762893,287.76726707532254,286.14157335137446,240.97302753627844,160.63934760823702
169.24833824885843,291.20782956507196,287.9027613622349,243.8462630429263,174.69115604403103
163.1686244349691,297.1077245714086,296.7642161716941,256.9844353263442,192.35384061671346
177.36967046256808,298.24151287169934,301.7167545894659,267.5070092539633,211.45448682872635
208.13697413001853,305.235974288746,307.001628660175,279.06450867138227,227.11450856341168
216.72332592501436,304.1052449399714,311.53811965793204,286.7647119155354,236.24140195994434
218.52459815773602,304.00164473239283,312.6739515853535,289.4149270511112,241.83465425782137
218.52459815773602,303.08084729985825,309.9629010059107,290.2447243275922,242.53865671269807
217.69703718700444,300.32648900821255,310.2337828154761,288.0225685601738,241.17421089328766
218.23381956058049,297.7414986191881,307.9383055093991,287.20027855139693,240.45373775427157
216.51789764358972,296.97137909232936,307.7287766849243,284.6137733842127,241.2073796549351
218.69156362329116,296.23301639081353,305.77279146451207,284.8104632909402,242.03305559365234
219.6041893953756,297.3213749463701,307.52235691084314,285.8548582760139,242.90944814889355
219.18029108475972,294.43165590676557,308.5012155567624,286.77517326295873,242.99176940793694
218.25672956406177,296.4219964847413,309.48020938341114,288.2308102892541,245.81497106563708
220.92758994747578,298.31694554617576,311.8493225902535,291.6316169416478,246.47920804806233
220.95248357961492,298.41246622753545,310.6638054231616,289.15393824051574,245.15301344262525
220.53117693423758,298.41246622753545,309.48020938341114,288.2308102892541,244.59149617270018
220.1181500921721,297.41721537261424,310.4593371119638,287.69602013236124,245.246814454337
220.53117693423758,296.52150006365474,311.23785116852355,289.0069203323685,244.49335369289693
219.18029108475972,296.52150006365474,311.0401903291599,289.15393824051574,245.246814454337
221.0,296.52150006365474,311.0401903291599,287.69602013236124,243.1810025474852
220.53117693423758,297.51638610335397,313.0015974400131,289.15393824051574,242.52834885843757
220.1181500921721,297.51638610335397,311.23785116852355,288.2308102892541,243.1810025474852
219.64744478368056,297.3213749463701,311.4385974795032,288.61739379323626,243.83601046605074
221.41589825484527,297.51638610335397,313.0015974400131,290.46170143411337,246.6576574931336
220.06589922111968,299.220654367308,314.37716202039866,292.15920317525513,246.6576574931336
220.95248357961492,298.31694554617576,312.62117650600703,290.31879029783795,246.6576574931336
222.72853431924702,299.312545677591,313.1980204279714,290.84875794818174,248.2780699135548
216.9446934128604,298.22474746405607,313.39751115795417,289.79475495598604,244.59149617270018
218.7647137908671,296.62434155004877,310.84562084739105,288.77153599342165,243.93851684389654
218.29567105190154,297.41721537261424,311.0401903291599,288.61739379323626,243.93851684389654
218.7167117528974,297.61888380947875,310.84562084739105,287.84718167805636,243.28789530101986
217.83020910791964,298.41246622753545,311.6360056219435,288.61739379323626,243.93851684389654
216.48094604375694,297.3213749463701,311.23785116852355,288.4805019407724,243.83601046605074
218.29567105190154,296.52150006365474,309.4834405909305,286.9233347080715,243.28789530101986
217.36835096213983,297.3213749463701,311.0401903291599,288.08679247754486,243.93851684389654
216.48094604375694,295.526648544594,308.8834731739463,286.38610301479366,243.1810025474852
215.56437553547664,296.3258341758275,311.0401903291599,287.0435507026765,242.33035303073365
214.21717951648975,297.22886804615734,310.2579571904643,285.72714256787015,240.91907354960503
212.5323504786977,296.97137909232936,308.70698080866265,283.38313287844073,237.8570999570961
209.3083849252103,295.67718883945037,307.3906309567681,283.6353292521931,238.47222060441337
206.69300907384363,291.6864755178066,305.4390282855156,279.58898404622454,234.82759633399138
206.70026608594387,293.38370779578065,304.4634625041238,280.4460732476032,236.19060099843094
199.90497742677644,293.08360581922693,301.7167545894659,277.2814454665151,229.14187744713973
195.34584715319647,296.04222671774374,302.2383165649253,276.8483339303309,224.34125790857107
166.7213243709394,296.2853354454115,299.7749155616594,268.36542251191753,211.482859825566
168.34488409215172,292.2498930709813,297.9546945426435,262.6175927084855,192.52012881774206
173.61163555476344,288.6468430452687,294.56747953567447,258.9922778771599,172.8843544106869
167.31407591712062,281.46047679914136,279.8731855680354,235.28705871764387,144.05901568454507
204.46271053666484,285.41198292993937,282.44822534404426,235.58650216003463,164.13713778423212
203.18464508914053,283.9242856819402,280.8629559055448,230.4886114323222,146.12323566086263
198.56485086741813,286.53097563788805,285.14206985290684,238.75719884434898,166.0873264279969
202.74368054269902,283.83269720030495,291.0068727710739,257.12642804659345,192.83671849520775
208.4034548657963,284.9719284420836,298.04194335697116,268.70057685088807,210.6608648990125
209.0287061625747,284.01584462842914,301.20092961343926,271.9577173017894,219.1346617949794
214.34784813475503,287.9392296996017,304.5931712957466,277.2183255125822,225.85393509965684
217.0829334609241,291.20439557122074,308.78471464760037,283.1713262320181,230.32585612562042
219.24415613648634,292.04280508172087,306.71974178392884,285.2805636562014,236.1630792482178
222.92823957498072,293.2047066470796,309.1811766586058,285.68689154387187,239.92707225321615
221.0701246211256,292.61749776799064,308.71507899679926,285.0350855596553,241.5884931034589
224.0892679268688,296.0709374457412,309.8548047069788,286.90416518412553,242.16110340019515
222.5758297749331,294.5318318959769,310.7796647144082,289.1262699928874,245.63794495150785
225.61028345356956,297.61888380947875,311.77716401301745,289.0069203323685,244.90202122481554
225.72992712531496,296.66479400158016,311.8493225902535,288.8909828983937,245.7173172570464
224.96444163467257,298.573274088623,313.7722103692422,292.1044333795706,248.86341635523692
226.77080940897133,299.5279619668254,314.8412298286233,292.1044333795706,249.27494860093742
226.29626598775332,300.1283058959951,315.83856635946154,293.09725348423177,248.86341635523692
228.4841351166422,301.38513566531446,314.9936507296615,293.8588096348313,249.08833774386147
226.92069099136816,302.03476621077914,316.9100818844361,294.96609974707263,249.08833774386147
229.10696191953662,302.98844862469593,317.83328963467625,295.8462438497403,250.0079998720041
227.547797176769,303.6445290137795,317.7624899197512,296.0760037557924,251.19912420229494
227.547797176769,302.03476621077914,316.697016089511,296.31908477180474,251.09759058979438
226.77080940897133,302.6896099967754,317.56889016400834,297.56679922330045,251.92459189209774
225.99557517792246,302.6896099967754,316.51224304914336,297.56679922330045,251.01593574910737
225.85836269662454,301.8111992620552,317.40352865083275,296.98484809834997,251.85908758669004
225.22211259110415,301.8111992620552,317.40352865083275,295.9949323890529,251.85908758669004
226.62965384079817,301.73498305632376,316.45694809878955,295.00508470194205,251.85908758669004
223.68057582186256,300.8537850850476,316.4048040090416,296.1384811198977,250.4795400826183
225.22211259110415,301.14448359549937,315.45839662307293,294.8643756034289,249.6237168219398
222.1463481581455,301.24076749337894,315.35694062442957,296.2853354454115,250.9123352886422
222.91253890259293,301.24076749337894,316.30997455028194,295.296461204668,250.89041432466087
222.91253890259293,301.24076749337894,316.30997455028194,294.15982050579237,249.11242441917665
222.91253890259293,301.24076749337894,315.3109576275458,294.0153057240388,249.55159787106152
222.27235545609355,300.2815345638156,315.3109576275458,294.15982050579237,249.11242441917665
223.68057582186256,301.5244600359977,315.3109576275458,295.14911485552517,250.01199971201382
223.68057582186256,299.60807732769825,314.3119469571591,294.15982050579237,250.4795400826183
221.2690669750293,299.1738624947039,315.15869018638847,294.771097633401,248.65437860612872
223.98660674245681,301.09965127844305,316.15818825391824,294.4588256446052,248.65437860612872
224.5551157288562,300.3065100859454,315.12854520020875,293.7839342101606,246.86230980042296
222.82953125651906,299.7749155616594,315.0063491423625,292.6567955814455,243.82370680473218
223.45021816950637,300.5628054167714,315.02539580167183,291.43095237122634,238.0693176366917
222.39604313026794,300.2682134359213,315.3109576275458,290.3687310989253,234.09613409879285
221.50395030337495,302.00165562460086,314.45985435346114,287.9044980544764,225.88713996153035
221.6325788326256,301.08636634693374,311.9246703933499,284.0176050881353,219.73848092675985
220.05681084665386,299.29584026511293,310.0919218554395,279.89283663573815,211.80415482232638
222.44100341438852,301.04152537482264,304.2909791630373,270.675081970986,201.55644370746373
223.29352879114074,303.90788077968625,303.87168344549644,264.1685068285014,192.3018460649819
229.12442034842118,305.38009103410786,297.00673393039426,246.272207120495,164.46884203398528
232.7230113246217,309.5561338432821,301.0066444449358,244.20483205702544,163.5726138447387
229.78685776170926,307.5873859572268,293.0614270080592,235.07658326596462,151.6047492659778
228.23890991677996,303.4765229799498,293.0614270080592,238.0021008310641,151.02979838429235
230.5666931714119,295.16944286290885,288.0433995077825,227.17834403833479,138.03260484392808
237.24459951703852,286.0629301395062,274.00182481144174,215.14878572745886,127.47548783981962
226.29405648403582,273.0897288438362,264.030301291348,199.7248106770914,113.28283188550682
203.5313243704762,268.09140232390894,255.50146770615623,202.05444810743464,108.63240768757728
197.0,271.0,260.1922366251537,205.36065835500236,118.20744477400736
203.5313243704762,274.00182481144174,261.37520922994975,204.0245083317198,127.31457104353767
198.01262586006985,282.0159569953445,267.0805122055894,210.58252539087852,136.65284482951682
190.51509126575775,284.01584462842914,271.2489631316588,216.48094604375694,145.24806367039804
191.51240168720145,287.0069685565143,271.4479692316743,218.22007240398395,149.2816130673835
196.2065238466856,286.00174824640493,269.3566409056959,219.24643668712156,149.21461054467824
199.0628041598932,283.0282671395209,263.9185480408681,213.74049686477292,145.67086187704115
197.1623696347759,287.1114766079545,266.82765973564284,215.24404753674375,148.49242404917499
133.843191832831,225.28426487440262,221.11761576138613,185.0,131.03434664239754
202.03960007879644,284.1126537132762,263.6152499382386,211.24866863485792,142.1724305201258
203.0221662774782,284.14256984830695,262.5509474368737,211.24866863485792,141.48498153514387
155.08062419270823,231.03462943896528,214.40149253211834,176.41145087550296,121.93850909372314
199.00251254695254,285.17538463198395,264.61292485439935,211.74040710265956,144.97241116847025
202.08908926510605,286.14157335137446,263.68541863364385,211.54668515483763,145.67086187704115
153.11760186209813,228.07893370497854,210.44714300745449,169.1685549976709,116.76472069936193
200.0,285.25251970841555,264.5467822522134,213.21585306913744,147.78700890132393
199.090431713832,287.1741631832502,266.6777081047458,215.24404753674375,153.48289807011074
193.02331465395574,284.2534080710379,266.9082239272518,216.37467504308356,154.17522498767434
193.0,283.3972476930572,267.6060537431842,216.76023620581336,155.58920271021378
190.01052602421794,283.2984292226132,266.82765973564284,216.31458573105976,157.07959765672945
190.02368273454758,284.3958508839396,267.7480158656643,218.22007240398395,159.17600321656528
189.06612599828665,282.51194665004874,264.7564918939666,215.67568244936655,156.31058825300352
188.04254837669055,282.57388414359883,263.8370709358334,215.05813167606567,157.7244432546839
190.02368273454758,279.5800422061632,261.6199533674754,210.94312029549576,156.31058825300352
190.02368273454758,278.5192991517823,260.69330639661615,211.5585025471678,156.31058825300352
192.02343606966312,281.51376520518494,264.42579299304373,213.50644018389704,154.98709623707387
190.02368273454758,280.713376952364,263.54885695066105,213.80364823828427,155.58920271021378
188.09572031282372,281.5759222660915,264.6828290615015,215.67104580819372,158.41717078650282
192.01041638411183,281.78360491696463,261.5530538915575,211.5585025471678,155.58920271021378
188.09572031282372,282.63934616397626,262.68802789621,216.00231480241132,156.46405337968207
189.0026454841307,280.5779749018087,263.8370709358334,215.67568244936655,159.8311609167624
189.04232330353963,279.45840477609545,262.8402556687236,215.72667892497674,160.11246047700348
190.02368273454758,278.6485241303101,259.8499567057882,210.92415698539605,157.8131806916013
191.02355875650522,278.6485241303101,258.55947091530027,208.73428084528905,157.20687007888682
191.06543381784158,280.6439024814186,262.48809496813374,213.45959805077868,156.40012787718558
186.00268815261785,280.8629559055448,262.42903802742563,212.20037700249262,157.76247969653622
196.04081207748553,280.7863956818421,262.37377917772193,210.440015206234,154.93547043850222
194.06442229321684,282.7083302628347,263.48624252510797,213.21350801485352,157.07959765672945
191.01047091717248,280.6439024814186,260.62233212063774,210.92415698539605,155.66630977832037
191.09421759959145,280.515596714336,260.9291091465266,210.95260131128984,157.2895419282541
193.25889371514057,280.25702488965374,257.52669764511796,209.093280618962,157.74663229368798
194.25756098540927,278.14564530116235,257.0,209.3083849252103,159.29846201391902
187.2671887971836,274.0164228654918,253.67104683033892,210.20228352708256,162.63148526653748
200.12246250733574,272.0018382290826,248.71268564349506,203.2953516438583,164.19500601419034
220.1317787144782,270.89481353470023,255.7381473304286,226.45970944077447,199.32385707686876
225.28204544525957,267.5705514439136,270.22398117117586,256.8501508662201,225.24875138388668
219.3467574412715,273.5854528296415,275.6174885597792,257.42183279589943,216.09488656606385
220.7826985975124,278.6485241303101,288.5342267392207,268.01865606707304,211.80415482232638
225.86943130932968,277.9964028544254,291.43095237122634,278.40258619488435,223.0201784592596
220.79175709251467,272.8552729928451,292.6585040623286,277.6508598942204,240.41630560342617
230.58620947489467,280.9199174141983,305.6304958606062,294.10882339705483,260.90994615000784
229.9652147608416,284.6137733842127,311.33261955664074,298.8728826775691,269.08177195789386
226.27637967759694,286.2254356272342,316.8122472380132,308.76852171165376,277.0649743291274
226.0,281.31477031965454,312.65636088203934,307.7092783781471,275.94383486499567
222.89459392277777,285.3506614676055,316.2103730113862,310.26601489689455,277.24537868105216
223.45021816950637,283.79041562392484,316.4253466459348,307.8002599089221,274.5632896073326
230.15864094141676,290.84875794818174,319.0015673942685,308.13146544940844,273.94159961568454
227.54340245324627,288.4805019407724,316.0822677721735,304.8688242506931,270.29613389761977
227.54340245324627,289.31816396486414,314.33898899118446,303.1913587159106,267.56868277135874
228.70505022845472,289.8706608127149,315.635866149587,304.13977050034083,266.6027006614899
231.4821807396846,292.4961538208665,316.8864149817723,305.19665791092797,265.64826368715455
232.46720198772127,294.4978777512666,314.2005728829914,305.6795707926848,264.3217736017977
229.5125268912353,293.218348675522,314.607692213652,304.1742921418574,263.89391808073185
231.22499864850255,293.4620929523948,313.5235238383238,301.2573650551966,260.4995201531089
230.67292862405853,295.3811097548386,314.6823795511913,304.8622639816217,264.0075756488817
230.43654224102565,292.1951402744406,312.37317426437244,301.2573650551966,260.4995201531089
228.2805291740844,292.5149568825499,311.8012187275733,300.6210238822295,258.6600085053737
231.4173718630475,295.36756761702867,311.8012187275733,300.5877575684013,258.18210627384695
233.00214591286493,298.22307087145356,313.70368184004474,301.24076749337894,257.78285435614214
231.65707414193074,296.01351320505626,313.1405435263853,299.82661656364,257.2353008434107
233.45235059857504,296.1621177666043,310.90995481007036,297.6927946726289,256.03124809288414
230.52114870440846,294.64045886469836,311.1928662421425,296.27858511880333,255.47211198093618
231.94827009486403,296.44561052577586,310.16124838541646,297.6927946726289,255.47211198093618
230.471256342304,297.6743186773088,309.9435432461854,294.15982050579237,250.4795400826183
222.72853431924702,294.0901222414653,303.0594001181947,286.379119350556,245.96747752497686
212.0,288.2013185257833,288.76461001999536,267.5256997000475,215.61307938063499
193.49676999888138,277.2183255125822,261.7728022541685,220.8438362282271,158.15182578775372
204.8243149628481,271.7130839691015,263.8787600395303,198.92963580120485,102.39628899525607
213.70072531463248,281.9024654024863,275.40878707840824,235.44001359157284,179.2344832893492
220.68982758613956,285.70789278562114,298.0067113338221,278.0017985553331,238.65665714578338
227.80035118497952,296.0,315.2681398428963,293.2047066470796,249.5375723212839
239.240464804765,311.2458835069148,328.37326322342386,309.594896598765,260.4995201531089
240.20407989873945,308.6486675817668,329.73474187595093,309.8983704377937,257.9922479455536
238.2540660723338,309.30244098616487,328.80541358073776,308.084404019418,261.22212769977966
239.67686580060246,313.2091952673165,330.2756424564185,310.85044635644323,262.73370548903694
236.57979626333267,315.9572755927611,336.1681127055331,315.4203544478384,266.1296676434253
236.86494041964082,315.9192934912333,335.85860119996926,315.93986769637036,267.0599183703912
235.77955806218657,313.38315206788,333.66150512158276,313.3943203059047,266.7208278331484
238.3149177034455,314.9634899476446,334.72376670920755,314.23876272668844,265.36390108679063
237.03375287076733,313.7004941022567,335.431065943511,313.84868965793055,265.84393918237066
237.84448700779257,310.5382424114621,333.4336515710434,313.84868965793055,265.55978611228016
239.61009995407122,314.38193332314756,335.2924096963723,314.33103569326397,267.79283037452666
237.62154784446633,310.9228200052225,334.33665668005955,314.1671529616042,266.92320993124594
238.2120903732638,312.2515011973521,334.2528982671654,313.3448579440869,266.5520587052368
237.2003372678884,312.6403684747061,335.1492204973779,315.01745983357813,268.92378102354576
239.40133667128927,316.3700365078842,336.1800113034682,316.9858040985432,268.28715958837836
239.20075250717753,315.12537187602015,337.17947743004765,316.8106690122667,267.41914665932205
236.63051367057463,314.8412298286233,336.0952246016001,316.5469949312424,270.14995835646545
237.60681808399355,315.12537187602015,336.12051410171324,316.7349049283959,268.41944787961995
235.84104816592043,316.4806471176397,338.07247743642193,319.0814942926023,271.6615541441225
238.64827675891564,316.76016163652906,337.0949421157191,318.10061301418455,270.5198698801994
237.0759372015642,316.89272632864265,337.0370899470858,317.5169286825507,270.65106687393643
237.69728648009425,315.6596268134397,336.0238086802779,316.53751752359466,270.14995835646545
236.13555429032706,317.0567772497538,337.0059346658453,316.9479452528443,271.6615541441225
236.13555429032706,316.0917588296158,335.00597009605667,315.5582355128764,269.94073423623934
238.17010727629108,317.32002773225645,336.0133925902359,316.33684578309874,269.7869529832753
235.9872877932199,316.79646462673793,335.00597009605667,315.7625690293262,268.41944787961995
238.32121181296472,316.89272632864265,335.0373113550191,315.15869018638847,267.41914665932205
239.4347510283334,318.54983911469805,337.0370899470858,315.35694062442957,267.9178978717174
236.35777964771967,316.5390971112415,334.0059879702758,313.8056723515367,267.7106647109898
236.23928547132036,315.5724956329369,333.0015014981164,313.6000637755037,263.60007587252323
234.5229199886442,313.3560275469422,330.0060605504087,310.53663229963706,263.7650469641495
231.53617427952807,310.20315923600776,325.0246144525057,306.1976485866604,259.3067681338071
229.94129685639334,306.5746238683169,322.03881753602315,302.51280964613716,256.7430622236948
229.21169254643183,302.9620438272755,317.02523558858843,298.1710918248112,251.24689052802225
227.7981562699751,298.6134625230417,313.01437666663173,292.85662020859286,247.12952069714376
222.76669409945464,294.49108645254444,308.0146100430952,288.19611378365255,242.6705585768492
218.49713956937742,287.4456470360962,300.00166666203705,279.7320146139873,235.46761985462035
209.32271735289507,277.50495491071865,289.06227702694105,270.95571593897034,230.3410514867031
205.2364490045567,269.675731203236,281.215220071745,262.1850491542186,221.23742902140225
201.13676938839401,260.2786967848118,272.26457720386617,253.45019234555733,216.9539121564762
198.4943324127921,252.23005372080465,263.1900454044567,246.4467488119898,209.124364912365
191.34262462922368,244.0,255.23714463220279,238.66294224282078,203.2953516438583
188.43035848822237,238.72368964977062,248.2438317461282,235.51220775153035,199.32385707686876
183.44754018519845,232.01939574095957,242.24987100099764,228.7116088002531,194.36306233438492
181.37254478007415,228.8864347225497,238.20999139414786,224.8599564173221,192.13016421166145
176.3887751530692,224.770994570029,235.17227727774377,220.5130381632796,188.16216410320115
174.89711261195822,222.20036003571192,231.1384866265244,218.1238180483736,186.30083198955393
172.00290695217916,218.87439320304236,228.26519664635694,214.66718426438635,184.70787747142785
171.49344010777787,216.72332592501436,227.26636354727023,212.9530464679949,183.84776310850236
167.17057157286985,213.96495040076073,224.32119828495925,211.74749113035554,181.79658962697843
165.8493292117879,212.60761980700502,222.3803048833237,208.83007446246816,180.42172818150257
163.68567438844488,211.4426636230257,221.50846484954022,209.55428890862626,181.4717608885746
164.26807358704855,212.60761980700502,222.32408776378685,210.27838690650069,181.4717608885746
162.9355700883021,213.23461257497573,222.50617968946392,210.27838690650069,182.00274723201295
163.68567438844488,213.41040274550818,223.4390297150433,211.24866863485792,181.4717608885746
162.9355700883021,213.06337085477645,223.57325421436258,211.74040710265956,181.1573901335521
165.19382555047267,215.0348808914498,224.57070156189118,212.96009015775704,182.00274723201295
163.783393541592,215.0348808914498,223.64704335179573,212.24985276791125,182.00274723201295
163.8932579455299,215.8564337702261,224.72205054244233,213.21585306913744,181.69479904499192
164.01524319403975,215.8564337702261,224.8043593883357,213.21585306913744,181.1573901335521
164.01524319403975,215.3903433304288,225.97787502319778,212.77687844312408,180.8535318980528
164.78470802838473,217.0829334609241,227.16733920174352,214.28252378577213,182.2361105818493
164.14932226482082,216.23366990364843,226.1725005388586,213.04694318389082,180.5602392554906
163.04907236779974,215.82400237230334,226.38462845343543,213.60009363293827,181.6645259812713
161.60445538412608,216.44860821913363,228.37250272307304,213.88314566603887,180.83417818543043
160.31219541881399,215.52262062252305,226.99118925632334,212.8497122384712,175.84083712266613
158.8238017426859,216.08331726442927,226.87441459979573,210.6418761785035,171.1286066091815
155.2610704587599,216.0208323287363,221.77916944564473,201.64572894063488,160.37767924496225
154.434452114805,216.33307652783935,219.73848092675985,192.20041623263984,139.47401191619892
153.16004700965587,218.00917411888886,218.33002542023394,190.85072700935672,138.91724155050014
149.68299836654796,217.02073633641555,219.03652663425797,185.06755523321746,131.30879635424276
140.03570973148243,210.05951537600004,214.03737991294884,187.8643127366132,132.90974381135493
116.00431026474836,208.08652046684813,216.52020690919358,195.5632889885011,148.00337833982033
120.14990636700472,213.39634486091836,219.4288039433292,200.81085628023203,161.20794025109308
152.2005256232711,220.11133546457802,228.2805291740844,213.55093069335942,179.63574254585305
153.57408635573907,221.32555207205516,230.43654224102565,216.6748716395143,179.4017837146554
156.97770542341354,220.7351353998724,230.85276693165278,215.87033144922904,180.16103907338012
158.35403373454054,220.00454540758926,231.14497615133234,217.46264046957583,182.22239159883728
160.262285020525,221.09726366465958,232.13142829009604,217.63501556505102,185.04323819042943
162.1141573089778,222.29934772733816,232.80034364235806,218.76242821837573,186.03763060198332
162.92943257741985,221.53103620034824,231.65923249462776,216.76023620581336,185.39956850003725
162.24672569885655,222.52415599210798,234.62523308459387,221.2080468699093,188.2153022471871
165.1575005865613,223.51733713517615,234.77648945326703,219.33763926877666,188.2153022471871
165.8463143998081,225.50388023269133,237.7414562082095,223.0807028857494,193.34942461771124
165.3420696616563,223.51733713517615,236.7530358833863,222.14409737825582,188.35339126227592
165.8463143998081,222.52415599210798,236.90715480964266,222.14409737825582,190.53608582103286
165.8463143998081,223.51733713517615,236.7530358833863,221.44976857066254,188.50198937942272
166.70932787339765,223.6358647444546,237.7414562082095,221.10857061633772,189.90787240133042
165.71059109181888,224.39696967650877,237.8949347926517,222.73302404448245,189.76037521042164
166.0903368652132,223.1882613400624,238.37994882120435,222.14409737825582,191.80198122021577
163.8566446623389,225.17770760001977,237.56472802164888,221.35265979879256,189.49670181826386
165.21803775617238,225.50388023269133,238.21418933388497,220.62864727863425,189.12958520548815
163.37074401495514,224.98222151983475,237.39418695494632,221.35265979879256,188.85444130334875
165.60495161679194,223.89506470666117,236.75514777930383,219.49259668608414,188.73261509341728
165.60495161679194,223.89506470666117,236.57979626333267,219.69524346239268,187.57931655702342
163.8566446623389,222.81157959136684,236.57979626333267,219.49259668608414,188.85444130334875
163.29421300217592,223.64704335179573,237.91805311913595,220.61731573020282,188.73261509341728
164.24676556937126,224.8043593883357,237.56472802164888,218.56349191939628,188.73261509341728
161.94134740701648,225.71885167172013,237.91805311913595,220.61731573020282,190.79046097748179
164.17673403987544,226.79726629745784,238.72368964977062,220.238507078122,190.79046097748179
163.76812876747417,226.71568097509268,238.10081898221182,221.38653978957257,192.09633000138237
165.12419568312816,227.8793540450736,239.70815588961506,221.54232101339014,192.20041623263984
168.71573726241425,230.05434140654683,241.3379373409825,223.5799633240868,191.80198122021577
166.00301202086666,229.78685776170926,242.66231681083076,222.64994947226015,193.08029417835473
167.7647161950331,231.70023737579555,243.82165613415063,224.69757453074567,194.48907424325924
167.7647161950331,231.78006816808042,243.64728605096343,225.07776433935007,194.48907424325924
167.7647161950331,231.78006816808042,242.8373941550189,225.07776433935007,194.3707796969493
169.06803364326444,232.7767170487633,243.64728605096343,226.00221237855172,195.8979326077741
166.83225107874077,231.70023737579555,244.0,225.46174841866193,195.67319693816015
165.4841382127,230.62740513651016,243.82165613415063,226.24102192131292,196.4306493396588
166.83225107874077,231.70023737579555,243.82165613415063,226.38462845343543,195.78048932414077
165.4841382127,230.62740513651016,243.0164603478538,225.84950741588966,196.4306493396588
167.29614460590537,231.8641843838759,244.46267608778237,227.477471412006,195.13328778042973
165.4841382127,231.62469643800938,243.19950657844683,225.46174841866193,196.32880583347927
165.4841382127,230.8679276123039,242.4912369550702,224.32119828495925,193.72403051764127
163.24827717314508,232.48440807933767,244.80604567698077,227.69277546729498,194.91793144808406
159.4114174079134,232.26062946612367,244.36857408431223,227.55438910291315,195.48913013259843
154.983870128475,232.17450333746814,243.38652386687312,224.0089283934906,189.84203960134857
147.95945390545344,230.0,240.63457773146402,223.77220560203628,186.560981987124
135.07405376311175,230.05434140654683,238.21418933388497,215.60380330597138,170.23806859806652
138.3979768638256,223.72527796384566,230.36058690670154,204.215572373901,146.81961721786362
139.77839604173457,219.73848092675985,227.1079038695043,199.7248106770914,134.6476884316994
147.648230602334,224.72205054244233,230.05434140654683,196.12750954417385,137.0875632579411
148.92279879185725,222.44100341438852,231.70023737579555,198.28514820833152,158.7734234687909
153.56106277308712,226.79726629745784,235.76683396949622,213.7755832643195,168.67127793433
159.66527487215245,227.8793540450736,239.75404063331237,220.8438362282271,171.75855146105536
165.89454481688057,232.57256931977167,243.34748817277733,223.60679774997897,171.39719951037708
170.5813588877753,234.5591609807641,241.53053637169774,220.83930809527547,169.09464805250343
169.4609099468075,234.7977853387889,242.404620418011,220.6558406206371,169.95587662684687
169.61426826773743,234.7977853387889,246.51977608297474,223.1815404552984,173.11845655504212
171.20747647226156,236.04448733236708,247.45504642257754,227.89910048089263,178.53291013143766
172.00290695217916,237.0358622656074,248.39484696748443,227.49505489130968,177.65415840897168
172.86121600868137,237.89913829183996,248.58197842965205,226.51490017215204,177.17787672280082
175.0,237.30571000294114,248.39484696748443,226.12607103118384,175.82377541163197
176.207264322445,238.43657437566074,250.44959572736389,228.67444107289296,181.1767093199344
176.64087862100325,238.72997298202839,250.2418829852429,229.8695282111137,182.0604295282201
176.02556632489498,238.58122306669483,250.39169315294788,229.65408770583642,182.12358441453978
178.4040358287895,239.5704489289111,250.3377718203947,229.0720410700529,180.24705268048075
176.40011337864837,240.14162487998618,247.39644298170498,224.59073890078372,173.9683879329805
175.6359872008012,239.4159560263267,244.5240274492468,220.6558406206371,165.10905486980417
172.6528308484978,238.92467432226417,242.7447218787671,218.68927728629038,164.28329190760695
170.95028517086482,237.76038357977134,241.53053637169774,218.87439320304236,163.783393541592
172.70784579746226,235.8495283014151,240.75090861718465,219.25783908448975,164.14932226482082
172.90459797240788,235.03191272676142,239.67686580060246,217.29703173306348,162.8158468945821
172.40939649566667,234.94041797868667,241.91320757660174,218.8880992653552,165.0272704737008
172.40939649566667,235.1276249188938,240.67405344157896,217.29703173306348,163.24827717314508
171.91858538273283,235.9364321167886,240.67405344157896,219.25783908448975,163.24827717314508
172.7917822120022,236.02754076590298,238.67970169245646,217.29703173306348,163.24827717314508
173.4041521994211,236.1228493814184,241.67126432408136,218.08255317654368,163.24827717314508
174.77127910500627,237.32045845227924,241.53053637169774,218.87439320304236,163.7192719260625
171.54008277950666,235.9364321167886,242.82503989498284,216.91011963483862,162.34839081432253
171.35343591536179,236.76359517459605,243.82165613415063,219.06391761310215,161.91355718407277
172.23530416264836,235.76683396949622,240.75090861718465,217.29703173306348,161.48374531202822
172.23530416264836,235.76683396949622,239.75404063331237,218.47654336335515,162.34839081432253
170.47287174210447,234.85314560380067,237.76038357977134,216.31689716709604,161.01242188104618
170.88300090997933,235.76683396949622,239.83536019528063,216.31689716709604,161.01242188104618
171.7672844286711,235.68835355188853,238.75719884434898,216.31689716709604,161.91355718407277
171.35343591536179,235.76683396949622,238.75719884434898,216.31689716709604,161.01242188104618
170.47287174210447,234.7701003109212,238.6063704095094,214.94650497274898,159.67780058605516
172.70784579746226,233.8567937862828,238.6063704095094,213.7755832643195,159.7310239120754
170.88300090997933,235.8495283014151,239.60383970212163,217.1013588165675,161.48374531202822
170.41713528867922,233.8567937862828,237.53947040439405,215.13948963405113,160.5801980320114
169.53170794869024,234.69128658729537,238.67970169245646,215.3369452741447,159.67780058605516
170.41713528867922,234.7701003109212,239.60383970212163,214.94650497274898,158.8238017426859
169.95587662684687,234.61670869739862,238.67970169245646,215.3369452741447,159.24823389915505
170.41713528867922,234.69128658729537,237.53947040439405,214.15881957089695,158.8238017426859
168.60901518009052,234.69128658729537,235.61409125941512,213.37759957408838,159.24823389915505
169.53170794869024,234.7701003109212,239.35329536064467,215.37873618349607,158.4960567332828
169.49926253526885,233.6193485137736,236.5417510715603,213.96495040076073,159.31415505221122
167.72000476985446,234.85314560380067,239.30106560565082,214.39449619801343,156.7801007781281
168.60901518009052,234.85314560380067,239.40969069776602,216.0208323287363,157.84802817900513
169.04733065032408,234.7701003109212,237.41314201197878,213.23461257497573,159.5399636454766
168.6475615003075,234.0363219673391,235.10423220350586,212.24985276791125,156.3873396410336
168.23792675850473,234.0363219673391,236.30488780387088,213.7755832643195,161.54875425084526
169.61426826773743,235.55254190944322,240.20824298928628,217.34764779035453,162.87418457201866
169.61426826773743,235.44001359157284,240.29981273400944,217.70622407271685,164.62381358722072
169.95587662684687,235.55254190944322,240.10206163213175,214.04905979704745,161.13658802394943
172.30786401090347,237.2172000509238,239.07530194480566,211.43556938225885,155.07740002979156
171.4322023425004,236.32604596192948,238.03361107205006,210.15232570685484,152.46311029229332
172.7917822120022,238.3149177034455,240.03333101883996,206.90335908341362,152.50573759698355
171.4322023425004,241.0020746798666,240.00833318866242,202.8003944769339,141.7603611733548
172.6267650163207,239.42639787625757,236.13555429032706,192.06509313251067,126.30122723077555
181.89282558693733,232.7767170487633,230.4256930118688,184.61040057374882,115.10864433221339
163.4900608599801,228.4841351166422,215.24404753674375,175.82377541163197,116.29703349613007
134.892549831338,225.17770760001977,225.73657213663896,190.33917095542893,131.64345787011217
136.34148304899725,229.47766775876036,228.0350850198276,194.58931111445972,152.97058540778355
143.33875958721003,233.23807579381202,235.90676124265704,205.4555913086816,170.29386365926402
152.8953890737062,237.42788378789885,243.18922673506736,219.20766409959302,177.5894140989265
177.0706073858674,245.60130292814003,252.1745427278495,233.52944139872386,192.43960091415696
180.34688796871433,247.37016796695596,254.03149411047443,234.0939982143925,194.3707796969493
180.8535318980528,248.3646512690564,254.9607812978302,234.93190502781866,196.5426162439078
185.72291188757515,251.14935795259362,257.25668115716644,238.6063704095094,199.25109786397664
184.39088914585776,251.79555198613022,259.724854413281,240.62626623043462,201.3156725145859
183.86136081297778,251.7180962902747,259.0463279029448,240.62626623043462,200.66140635408692
187.72320048411703,252.6420392571276,261.2661478263114,243.37830634631345,203.38387350033435
187.72320048411703,253.50542400508908,260.93102536877444,244.22940035957996,204.79501947068928
188.45158529447292,252.57276179350774,261.00766272276377,243.90571949013415,206.20620747203515
186.75384868858794,251.57503850740042,259.724854413281,243.37830634631345,204.13720875920686
185.78482176970218,250.64716236175505,258.7856255668,242.21065211918324,204.13720875920686
188.939143641544,251.6445906432324,261.00766272276377,244.43608571567333,204.79501947068928
185.29975715040752,249.8839730755056,259.83263844251746,241.59884105682295,203.48218595248088
187.00267377767625,249.64975465639858,257.84685377176896,240.52026941611388,202.72641663088706
186.29009635512028,248.7267577081324,257.25668115716644,240.21656895393374,202.18061232472317
185.06755523321746,247.72969139770066,256.90854403853524,239.67686580060246,201.5341162185698
184.81612483763422,247.80839372386077,256.3201123595259,238.83467084994172,201.41995928904365
184.81612483763422,247.80839372386077,257.25668115716644,239.67686580060246,202.94334184693028
183.84776310850236,246.6576574931336,255.9707014484275,238.6063704095094,202.18061232472317
183.12017911743098,247.80839372386077,257.6082296822056,240.52026941611388,203.70812453115363
181.41664752717708,245.81497106563708,255.38402455909414,239.67686580060246,201.65812654093563
181.41664752717708,245.66033460858105,254.09643838511394,237.76038357977134,200.66140635408692
184.32851108821987,246.89471440271862,257.6082296822056,239.45354455509738,203.83571816538927
184.09236811991963,246.89471440271862,254.80384612481814,237.9936973955403,201.65812654093563
182.6608879864543,245.89835298350414,255.16269319788896,238.53720883753127,202.94334184693028
182.43903091169938,246.81166909204273,254.80384612481814,236.9155967850154,199.36148073286373
181.8048404196104,249.15858403835898,252.93675098727746,234.15593095200472,195.38935487891862
179.52437160452615,248.26195842295292,249.77790134437433,228.64164100180878,188.85444130334875
154.14927829866735,246.37572932413616,248.94376875109768,219.69296757065302,175.06855799943062
150.86417732516887,241.8677324489565,243.26323191144198,204.8243149628481,156.28499608087785
170.53152201279386,235.77107541002565,236.07837681583632,180.01388835309348,105.58882516630251
173.4041521994211,234.47814397081873,241.59884105682295,201.08953229842672,136.31214179228496
182.25805880673698,246.95141222515818,251.03187048659777,219.06391761310215,182.8332573685652
189.76301009416983,248.11690792850052,264.0018939326004,243.0740627874558,205.9732992404598
203.65657367244495,261.9656466027559,275.35613303502066,254.8489748851268,215.11159894343214
202.82997806044352,269.9666646087994,283.2543027034188,262.6194966105906,223.70739817896055
206.7873303662485,271.64867016055865,285.21220170252184,264.8867682614592,222.8272873774664
208.4034548657963,274.8981629622141,286.5658737533135,265.1886121235224,222.72853431924702
211.463944917331,278.29840100151495,289.76197127987655,269.7869529832753,224.12942689437278
210.41150158677164,274.8981629622141,289.56001105124994,270.78035379251577,225.45953073667124
211.20606051910536,275.85503439306666,289.4995682207488,270.0240730009086,227.2201575564985
210.05951537600004,276.9205662279348,293.24563082849164,274.64158461529456,231.21634890292685
211.92923347193044,278.16002588438187,293.28825411188905,276.6224864323217,233.01931250435015
210.3758541277967,279.1200458584084,293.28825411188905,275.49591648516315,230.7899477880265
209.60200380721554,276.64417579265967,293.38370779578065,276.22635645426743,230.3584163862914
207.93508602446101,278.5677655436824,294.2872746144488,276.3548443577568,231.7412350014559
209.2295390235327,279.2597357300189,295.2050135075622,277.6130400395486,233.07080469247967
209.990475974507,283.5207223467096,297.28437564056406,278.33792411383683,232.7230113246217
208.58091954922435,281.3201023745015,297.28437564056406,277.34635386101615,232.7230113246217
209.88091861815357,282.8462479864281,298.328677803526,279.46019394539894,234.95744295510198
211.4000946073582,282.177249260106,297.37854663711033,277.4779270500629,232.7230113246217
211.19185590358356,282.00177304407146,298.28342226815084,279.5943490129942,233.5551326774901
211.94574777522666,283.425475213503,299.42778762165676,279.5943490129942,234.4632167313244
211.19185590358356,283.8045101826255,299.3760177435728,279.7320146139873,233.97649454592656
211.19185590358356,283.1342437784593,299.3275797516828,278.7418160233588,234.4632167313244
211.10187114282053,282.00177304407146,298.2029510249689,278.18878482066816,233.49732332512937
212.4335190124195,283.6511942509673,300.20159892978586,279.32955446926843,234.8297255459794
213.17832910500073,283.5207223467096,299.2407057871639,279.1773629791642,234.3608329051593
213.84573879317773,282.9628950940388,297.1683024819437,278.3415168457627,233.89313799254566
213.84573879317773,282.6888749137468,297.1363323459452,278.4977558257876,233.89313799254566
213.10326135467753,280.9216972752372,297.1077245714086,278.65749586185547,232.56181973832247
216.08563117431015,282.56149773102493,295.16944286290885,275.2235455043772,231.22499864850255
213.10326135467753,280.14639030335553,294.0425139329345,273.89048906451643,227.6334773270399
216.6702563805194,277.9586300153316,293.027302482209,270.7655812691118,223.28905033610582
216.39316070523117,279.20064469839605,294.0153057240388,270.65845636151846,219.18029108475972
216.74870241826133,277.90825824361536,289.1729586251107,259.6767220988435,207.51144546747295
214.61127649776466,273.72431386341987,274.46675572826666,241.8780684559888,183.19934497699495
218.01146758828995,273.19040978775223,257.09531306501873,206.51876428063383,130.97327971765844
163.29421300217592,208.50419660045213,195.92345444075858,138.0507153186828,68.8839603971781
231.76712450216058,275.5739465188972,257.75181861628056,197.12178976460214,106.23088063270491
199.06029237394384,260.6549443229497,235.05318547086316,181.5736765062601,114.97825881443848
144.138821973818,188.04254837669055,185.0108104949546,156.54072952429985,108.40664186294121
185.69868066305693,249.68980756130196,232.47580519271247,183.07648674802562,125.09996003196804
132.23085872821065,194.09533739891847,192.41881404893857,170.42593699317015,130.24976007655445
170.84788555905513,261.1225765804252,248.2438317461282,217.41205118392128,174.15223225672418
194.48650338776724,265.04716561397146,262.77366686941826,241.8677324489565,204.37710243566914
204.00245096566854,272.91940202191563,280.67953256338444,262.33756879257686,223.23530186778254
200.48940121612415,269.74246977441277,280.9590717524529,265.1886121235224,226.01991062736045
199.42417105255822,268.1678578800972,282.61988606607287,264.4617174564213,226.38462845343543
203.03940504246953,263.8825496314601,278.792037189013,259.6709456215693,222.61176967986216
209.7641532769601,272.80029325497435,285.89683454001374,267.9178978717174,229.13969538253298
208.71032557111303,272.8681000043794,286.2743439430086,268.49581002317336,231.01947969814148
208.4634260487916,273.65854636754904,285.41198292993937,266.8107943843352,229.19205919926634
208.21623375712088,273.65854636754904,285.3646789636026,267.00187265260894,228.31995094603536
208.92582415776178,273.5854528296415,284.42925306655786,266.8126683649035,227.46648104720836
210.2189334955346,274.5651106750455,285.3226244096321,266.8126683649035,228.79029699705362
209.65209276322523,275.54491466909707,287.12366673612956,268.06715576511795,229.38177782901587
207.4246851269154,274.17147918775214,286.2254356272342,267.25456029785533,229.4558781116753
210.58252539087852,274.17147918775214,285.78663369723927,268.30206857197356,228.64164100180878
208.16579930430456,274.7744529609694,285.3506614676055,267.4864482548602,228.58040160958683
207.4246851269154,273.4264069178396,284.48725806264156,267.15164233071823,228.52789764052878
207.4246851269154,272.44265451650557,284.48725806264156,266.9082239272518,227.8464395157405
208.35546549106888,272.6242835845699,284.05985284795173,266.83515510516975,227.7981562699751
206.49455198624491,271.4590208484515,284.48725806264156,266.33249895572266,227.11450856341168
208.35546549106888,271.4590208484515,284.05985284795173,265.1886121235224,227.11450856341168
207.06037766796427,272.0900586203031,284.541736833105,266.58019431308094,227.7981562699751
206.49455198624491,271.1051456538588,283.6353292521931,264.6204829562519,226.34486961272174
208.35546549106888,273.0750812505601,285.44876948412303,265.75928958363806,227.03523955544875
208.16579930430456,270.7655812691118,282.7949787390151,264.8811054039151,226.31394124092313
207.99278833651903,273.0750812505601,284.541736833105,266.0112779564054,227.75864418282788
206.49455198624491,271.9191056178289,284.1214529035075,264.6204829562519,226.38462845343543
206.1286006356226,270.7655812691118,282.7949787390151,264.0549185302179,224.93110056192762
206.1286006356226,271.7517249255283,282.7949787390151,263.2299375071156,224.97110925627763
205.7668583615933,270.44038160008574,282.7949787390151,264.0549185302179,225.656819085974
206.70026608594387,272.0900586203031,283.21370023358685,263.79727064547126,225.75429121059915
207.4246851269154,270.44038160008574,281.966310044303,262.9315500277591,225.656819085974
206.70026608594387,271.7517249255283,283.70407117276267,264.0549185302179,225.6213642366343
205.4093474017188,272.5747603869441,283.28960446864266,265.1490147068248,226.38462845343543
205.7668583615933,270.60118255469615,282.8780656042458,264.31988196123274,224.93110056192762
205.05608988762074,271.5879231482873,283.28960446864266,264.8811054039151,225.7011298155151
205.7668583615933,272.7379694871985,283.28960446864266,263.4919353604584,223.55759884199867
204.70710783946902,270.9335711941213,282.7949787390151,264.8811054039151,225.7011298155151
203.7694775966214,270.7655812691118,282.7949787390151,264.6204829562519,224.97110925627763
203.7694775966214,270.7655812691118,282.7949787390151,264.6204829562519,225.7011298155151
206.34437234875102,269.45314991664134,282.7949787390151,264.0549185302179,226.34486961272174
205.05608988762074,272.41512439657237,284.20063335608523,264.8811054039151,225.6213642366343
205.64532574313475,271.7517249255283,285.02982300103264,266.27053911388697,228.52789764052878
205.9927183179056,271.7517249255283,282.7949787390151,264.0549185302179,226.38462845343543
203.68603290358425,271.4590208484515,284.05985284795173,264.9396157617807,227.29936207565564
204.9634113689563,271.7517249255283,281.8865019826242,263.79727064547126,227.16733920174352
204.62893246068603,271.9191056178289,282.72955275315667,263.54695976239225,226.55683613610074
202.3857702507763,269.4921149124775,282.68179990936807,263.0684321616716,226.80828909014767
202.3857702507763,267.9776110050987,280.9199174141983,261.0938528575501,225.49944567559362
202.41047403728888,267.3443472377899,280.87897749742683,261.444066675838,225.72992712531496
204.9243762952568,269.3120866207085,282.21445746098834,260.8601157708859,226.497240601293
203.16003544004417,269.8629281690985,282.65172916506276,259.8249410660955,226.14154859291116
198.15398053029367,268.28715958837836,279.95713957675736,258.40278636268613,224.43930137121706
191.8593234638338,266.6102023554237,276.8862582361212,255.9726547895302,222.62299971027252
190.16308790088576,262.48809496813374,272.41512439657237,251.60683615514105,214.83016547961788
185.27007313648906,263.68541863364385,267.9440240050149,244.43608571567333,204.2473990042468
175.0,265.1980392084376,266.30809225406574,235.2126697267815,181.8130908378162
166.48123017325406,259.64976410541954,255.08037948850554,214.67417171145672,154.85799947048264
171.0263137648707,252.6024544615511,253.97047072445253,205.19746587129188,122.28654872879518
194.164878389476,247.25695136840946,240.52026941611388,183.7090090333079,105.80170130957252
191.09421759959145,262.7184805071771,250.12796724876648,196.2065238466856,123.35720489699821
189.17980864775183,256.3220630378899,256.382526705702,212.79332696304178,155.64061166674975
191.049731745428,264.70549673174526,266.9925092582187,235.28068344001383,179.90275150758535
198.09088823063013,264.8867682614592,278.4600509947522,248.85337048149458,196.73586353280888
199.80490484470096,266.4920261471251,283.70583356709466,262.1850491542186,214.11445537375565
205.37283169883986,270.4755072090632,286.44720281406137,263.8787600395303,219.4288039433292
207.9326814139615,274.17147918775214,287.2507615307573,267.8077668776617,223.87719848166762
207.90863377935992,274.96181553081146,289.3890115398302,269.7035409482048,227.72132091659753
205.7692882818036,275.7571395267945,289.56001105124994,273.09522148876937,229.1047795223836
206.47518010647187,276.9259828907356,290.49784852903815,273.82658746002005,230.4886114323222
205.08047201037937,277.1876620630868,291.756747993941,275.056357861439,231.3114783144148
206.51876428063383,277.1876620630868,292.7541630788536,274.0894014733149,231.87065359807826
206.55265672462312,278.9874549150911,294.8219801846531,276.99097458220547,233.52944139872386
205.86646157157313,277.8344831010003,293.981291921782,276.27884464793897,234.3885662740399
205.2997808084558,277.5103601669675,294.06461874900896,278.0287754891569,232.99785406737118
208.00961516237658,279.8070763937181,294.89828755013144,276.27884464793897,233.52944139872386
208.12496246245908,278.65749586185547,295.0610106401725,277.7642885613628,233.25951213187426
210.21179795625173,278.9874549150911,293.901343991483,276.27884464793897,232.14219780126146
208.94257584322062,278.4977558257876,294.15132160165456,277.5031531352392,233.52944139872386
208.1970220728433,277.5103601669675,294.24139749532185,276.1014306373656,234.9170066214875
211.69081227110448,279.6444170728248,292.9846412356798,276.27884464793897,233.54871012274933
208.3698634639856,279.0286723618202,294.334843333235,278.0287754891569,234.3885662740399
212.51352898109803,279.32955446926843,293.1552489722809,274.8708787776544,233.25736858671797
209.78083801910984,278.18878482066816,294.24139749532185,276.1014306373656,232.69937687926884
210.535032714273,279.1773629791642,294.15132160165456,277.0649743291274,232.69937687926884
209.2295390235327,278.18878482066816,294.24139749532185,276.1014306373656,234.08759044426085
209.46837470128995,279.8731855680354,293.33939387678566,277.0649743291274,234.9170066214875
210.75341041131458,279.1773629791642,292.2498930709813,275.5721321178903,233.8076132207846
210.3758541277967,279.0286723618202,294.15132160165456,278.0287754891569,232.97424750388186
210.23082552280482,279.7320146139873,294.24139749532185,277.33373397406956,231.5879962346926
213.60009363293827,280.72228269234347,294.334843333235,273.3642258965134,230.4886114323222
208.90428430264421,277.34635386101615,288.5636844788339,266.0018796926067,224.37691503361035
182.04395073717774,257.52669764511796,260.93102536877444,230.46474784660668,191.1674658512792
185.5640051303054,277.01624501101014,126.40015822774906,58.137767414994535,34.20526275297414
175.93180496999398,227.48406537601704,221.44299492194375,201.9925741209315,179.0111728356641
174.82848738120455,225.96017348196563,232.0086205294967,222.00900882621858,195.47378340841516
171.86331778480246,226.53035116734358,236.10379073619296,225.39077177204928,194.1391253714717
171.12568480505783,228.67444107289296,239.40969069776602,229.44498251214821,198.96230798822174
175.38529014715002,229.85647695899283,241.25090673404733,228.53664913969487,200.9975124224178
178.89941307897016,235.58650216003463,245.09997960016236,232.79390026373113,203.42074623793906
176.7823520603796,237.89283301520456,248.20153101864622,236.91348631937356,204.78769494283586
179.60512242138307,239.49321493520438,252.07141845120006,239.8520377232597,207.27276714513172
181.02486017119307,244.80604567698077,254.04920783186867,241.81191037663964,209.50656314301946
183.14202139323461,246.0,256.0175775215444,242.5963726027246,210.2974084481309
185.26737435393204,246.9757073074192,258.00775182152955,244.75293665245368,212.5323504786977
187.44865963777923,248.1713117989265,259.0019304947359,245.3507693079441,211.17765033260503
188.86238376129853,250.12197024651792,260.0076921939041,246.3331078032346,211.65301793265317
188.13824704190267,250.88044961694405,261.03064954139006,246.52180430947686,212.5323504786977
189.58902921846507,249.3692041933005,260.0076921939041,245.5402207378661,210.77476129745705
188.80942773071476,250.88044961694405,261.01724080987447,246.3331078032346,213.41274563624359
190.2761151589973,250.3437636531016,261.00766272276377,246.14832926509982,212.94130646729863
188.79883474216678,249.68980756130196,261.03064954139006,245.93088459971838,213.88782106515555
188.79883474216678,251.23096942853203,261.0938528575501,245.35892076710803,212.61467494037188
186.1316738225926,250.7149776140229,262.32232081925474,249.14654322305978,213.71476317746513
187.76847445724215,252.19238687954083,262.6175927084855,250.05999280172747,213.00234740490538
187.97074240423694,251.44780770569466,264.003787851614,251.03386225766437,212.8497122384712
187.57931655702342,251.04780421266383,264.2820463065927,250.13996082193665,214.98139454380697
188.85444130334875,250.45758123881976,265.08866441249427,251.80349481291955,215.82400237230334
189.62331080328704,251.58895047279003,265.08866441249427,252.253840406841,215.60380330597138
191.31387822110554,253.56853117056934,268.1678578800972,253.4758371127315,217.83020910791964
192.57466084612483,253.56853117056934,268.07648162418127,254.4425278918601,217.97476918212345
192.87560758167425,254.70178640912593,269.9814808463721,255.15681452785068,217.1174797200815
193.65949499056327,254.70178640912593,270.89481353470023,256.3766760062233,218.4902743830947
193.04144632694815,256.1347301714471,270.1592123174777,254.69982332149348,218.15590755237412
193.00259065618783,257.41989045137905,271.6615541441225,255.76551761330143,218.89266776207924
190.829767070025,255.50146770615623,269.69056342408425,254.2597097457637,217.18655575334307
184.83776670366908,256.0019531175495,271.6265819097976,255.9707014484275,215.20455385516357
183.48024416813925,257.2353008434107,273.65854636754904,259.83263844251746,210.6418761785035
179.56892826989863,255.70686341981516,269.7035409482048,250.353749722268,196.9466932954194
175.5135322418189,256.632032295269,266.32686683847726,244.13111231467406,184.83776670366908
174.88853593074649,256.4995126701024,260.90994615000784,227.3367546174617,164.34415109762804
182.8879438344693,256.56383221335,260.731662825979,235.76471322061747,188.2817038376273
171.97674261364529,247.07286374670934,253.38705570727168,215.11392330576837,152.0
157.175061635108,249.0501957437496,251.0019920239678,211.4000946073582,147.10540438746634
153.37861650177967,248.0181444975347,249.96999819978396,220.238507078122,149.37201879870273
137.7679207943562,252.1606630701942,255.180328395431,226.43321311150447,165.0
141.56623891309678,252.07141845120006,259.6767220988435,231.00865784641059,176.47946056127893
175.75551200460256,259.19297829995315,262.90872941003687,238.51624682608102,192.5876423865249
177.12425017484196,260.09421369957465,268.4939477902621,248.67649667791284,207.38611332488009
177.0790783802536,259.04825805243314,268.4939477902621,247.315587862957,207.28000385951367
179.02513789968157,257.00194551792794,268.49581002317336,247.7761086142084,206.59622455408038
179.6719232378838,255.04901489713697,266.08645211660064,246.48326515201796,208.12496246245908
181.61773041198373,253.09681941897256,264.8848806557294,245.57890788909376,206.7849124090053
181.8598361376145,251.09759058979438,264.14011433328335,243.34337878808208,207.45360927204905
183.48024416813925,251.19912420229494,264.66015944981217,244.7304639802736,208.3698634639856
182.98907071188705,250.19992006393608,264.43902888945877,242.98559628093184,209.0287061625747
182.98907071188705,250.1619475459847,265.8589851782332,243.82370680473218,210.440015206234
182.08239892971534,250.12796724876648,264.66015944981217,244.6752950340512,210.440015206234
183.412104289766,251.16130275183716,263.68541863364385,244.6752950340512,210.440015206234
182.5705343148231,250.09798079952586,265.34505836740203,245.10609947530887,211.19185590358356
184.39088914585776,250.12796724876648,263.68541863364385,245.10609947530887,211.29126815843574
182.6608879864543,250.12796724876648,263.9109698364204,246.44066222926767,211.19185590358356
183.98097727754356,252.1269521491108,264.14011433328335,246.0081299469593,212.60291625469299
184.4911922016875,252.07141845120006,264.372842780797,246.8764873372918,213.26274873967088
184.8053029542172,250.1619475459847,262.9372548727167,245.57890788909376,211.0213259365034
183.98097727754356,250.09798079952586,262.6670896781704,245.07957891264624,213.17832910500073
183.48024416813925,249.12848090894786,262.42903802742563,245.10609947530887,210.35446275275456
182.15652609774924,249.09837414162303,262.1850491542186,245.52189311749777,211.0213259365034
184.8053029542172,249.12848090894786,262.1945842308723,243.77243486497812,211.0213259365034
183.48024416813925,249.09837414162303,263.6380093992518,245.97764126033894,211.10187114282053
183.48024416813925,248.0987706539474,261.9389241789009,245.07957891264624,209.0287061625747
182.5705343148231,247.12952069714376,262.42903802742563,244.64055264816582,209.69024774652732
182.98907071188705,248.07257002740147,262.90872941003687,243.74166652421167,209.0287061625747
182.5705343148231,247.09917037497314,262.6670896781704,244.20483205702544,208.94257584322062
182.15652609774924,246.07315985291854,261.21638539724114,243.74166652421167,207.53072061745462
180.42727066604982,246.03251817595168,261.4670151281037,241.94627502815578,208.06249061279644
180.42727066604982,246.07315985291854,260.0,243.28584011405184,208.79894635749483
178.84630272946657,247.00809703327542,261.4670151281037,243.77243486497812,209.4755355644186
179.56892826989863,248.0,261.4670151281037,243.35365211970827,208.00961516237658
178.67568385205638,251.0,265.09243670840556,245.58908770545975,207.28000385951367
176.3774361986249,254.04920783186867,266.5576860643865,244.77336456403913,207.24140512938047
173.66922582887275,254.159398803192,265.33940529065785,244.1986895951737,205.91503102007877
172.38619434281853,257.19447894540815,264.372842780797,246.0081299469593,203.38387350033435
147.95945390545344,254.3855341799136,263.16724720223067,238.933045014707,193.93297811357408
149.4824404403407,252.57276179350774,258.940147524481,233.085821104588,173.1040149736568
154.1460346554526,244.60784942433878,244.6630335788388,205.9368835347374,141.8731828077456
162.58536219475602,240.87548650703334,245.34465553584002,204.6264889988586,137.2953021774598
166.76930173146374,249.96999819978396,256.382526705702,220.4835594777987,162.22515218054195
175.90054007876157,246.272207120495,258.62714474702767,238.6734170367534,186.2149295840696
180.88670487352022,248.62019226120793,266.27053911388697,246.14832926509982,200.032497359804
189.2828571212935,255.8124312851117,274.0656855573131,254.19677417308034,210.66798522794107
193.34942461771124,259.66516901579234,279.0286723618202,260.2786967848118,216.9446934128604
202.18061232472317,266.17475462560304,284.01584462842914,266.33249895572266,223.70739817896055
206.20620747203515,269.5366394388711,286.00174824640493,267.9776110050987,227.69497139814047
206.86710710018642,271.41296947640507,287.1114766079545,270.2831848265815,230.58620947489467
206.86710710018642,272.38575586840074,289.06227702694105,270.60118255469615,230.99134182908242
210.35446275275456,275.0363612324741,290.06206232459976,270.7655812691118,230.99134182908242
211.0213259365034,272.8552729928451,290.1103238424996,271.42770676554005,232.41772737895877
211.0213259365034,273.09522148876937,288.1110896859057,270.44038160008574,232.54461937443318
207.6174366473105,273.1300056749533,287.0435507026765,269.77953962448674,231.50161986474308
208.47062143141417,273.1300056749533,288.0433995077825,270.9335711941213,232.41772737895877
207.6174366473105,272.1249712907656,287.1114766079545,270.60118255469615,231.62469643800938
210.535032714273,273.3587386567329,287.1114766079545,270.2831848265815,230.70543990118657
211.19185590358356,273.3587386567329,288.0850568842473,269.2953768633988,231.38712150852302
209.88091861815357,272.90474528670256,287.0435507026765,270.60118255469615,232.93775992741064
211.94574777522666,272.38575586840074,286.08565151017274,269.14122686797725,230.31283073246266
207.2920644887305,270.73234014428346,285.02806879323305,268.6279955626368,231.50161986474308
210.75341041131458,269.4679943889441,286.04370295463593,269.45314991664134,231.62469643800938
208.70074269153906,269.9814808463721,285.02806879323305,268.79360111431225,230.58620947489467
209.990475974507,270.2091782304961,285.0631508981826,268.3076592272386,230.18470844085192
208.0600874747485,269.5366394388711,285.0157890363269,268.79360111431225,231.50161986474308
208.58091954922435,269.4679943889441,285.0438562747845,268.4660127464927,231.62469643800938
206.65188119153427,269.75729832573575,284.01584462842914,266.6552080871476,230.70543990118657
208.58091954922435,268.26293072282647,284.0281676172277,267.47897113605023,231.10170921046864
208.70074269153906,268.7824399026097,283.01590061337544,266.8220380703213,231.10170921046864
207.2920644887305,267.36678926149375,283.0017667789373,266.9925092582187,230.99134182908242
208.70074269153906,267.58550035455954,284.01584462842914,267.8077668776617,231.50161986474308
205.8834621818858,268.3430640057611,283.0017667789373,266.9925092582187,230.58620947489467
209.46837470128995,268.5609800399157,284.0070421662111,268.79360111431225,231.50161986474308
208.0600874747485,270.08332047721865,284.0017605579233,267.9776110050987,230.58620947489467
208.83007446246816,268.5609800399157,284.0070421662111,267.9776110050987,230.99134182908242
208.0600874747485,270.08332047721865,285.00175438056516,268.96282270975667,230.58620947489467
208.33866659840174,270.2480342204176,285.0157890363269,270.65845636151846,231.32012450281968
207.71133815947553,269.874044694928,286.0069929215018,269.8629281690985,231.81242417092315
208.4922060893404,272.01654361453825,287.0435507026765,271.0350530835449,231.69160537231383
209.61870145576228,273.2489707208428,288.17355881482257,272.2498852157701,232.1077336066164
206.60348496576722,273.09522148876937,287.5030434621519,271.41296947640507,230.97185975785015
202.74368054269902,272.6554602424092,286.7908645685912,269.3640659033792,226.2144999773445
202.71408436514716,271.7370052090808,283.83269720030495,266.9569253643741,219.0091322296858
200.0024999843752,270.04629232781554,282.4606167238187,261.84346468835156,208.3122656014283
194.5379140424817,272.01654361453825,275.04545078950133,248.65236777477105,187.0721785835617
197.80040444852483,272.18376145538144,269.9814808463721,230.32585612562042,165.24527224704494
195.88006534611938,265.04716561397146,269.4754163184464,231.5534495532295,164.68454693747074
194.7562579225633,262.01717500957835,255.0019607767752,214.18916872708573,145.8800877433243
178.2638493918495,259.04825805243314,256.4995126701024,217.99311915746333,150.9602596712128
168.32409215557945,259.0694887477103,259.77105304479176,228.47538160598398,155.68236894394946
162.0154313638056,260.06922155457,260.30174797722736,227.26636354727023,155.79473675320358
133.24038426843418,220.44500447957535,216.52944372532804,181.60396471443016,129.72663566130126
156.1793840428371,259.0308861892728,261.6123085789352,230.41918322917473,157.78466338652817
153.18289721767243,258.0174412709342,261.72504656604804,231.7282891664287,163.45335726133007
120.01666550941998,204.00980368599937,202.70421801235415,173.1040149736568,125.99206324209474
149.21461054467824,256.0,259.37231926325524,231.52105735764079,168.35973390332975
149.21461054467824,257.07002936943076,263.89770745499095,236.5417510715603,185.31055015837603
150.74813431681335,256.0488234692751,265.1980392084376,241.5967715016076,192.20041623263984
164.02743672934722,255.07057846799972,262.42713274354844,241.7788245483876,197.2004056790959
163.35544068074378,260.09421369957465,266.9175902783479,244.7549795203358,203.8062805705457
179.07819521091898,262.0686932847951,268.68941177500835,252.00198411917316,208.60009587725506
180.9447429465692,262.0934947685654,268.68941177500835,252.00198411917316,210.60151946270474
182.42806801586207,264.18932605235966,270.2480342204176,252.54900514553606,211.60340261914504
183.24027941476186,263.2299375071156,271.42586464815764,253.4758371127315,213.60009363293827
183.43936327844142,262.2746651889961,272.40594707164524,254.23217734976035,215.8008341040414
182.7840255602223,260.43233286210835,270.84497410880635,252.54900514553606,213.80598681982693
182.2361105818493,259.4937378820537,269.675731203236,250.69702830308938,209.02152999152983
182.58422713914803,258.43567865138124,268.69313351851775,249.77189593707294,210.20466217474817
182.36227680087788,256.56383221335,267.1666146808018,247.54191564258366,210.20466217474817
179.9388785115657,255.70686341981516,265.8364158650955,247.34793308212625,206.81634364817495
179.9388785115657,254.70963860835735,266.8220380703213,246.78938388836744,208.21383239352758
183.69812192834198,254.95097567963924,266.4920261471251,246.9817807045694,207.85090810482401
183.5755975068582,253.78928267363852,264.85090145211893,246.41834347304587,209.24626639440905
182.5705343148231,253.04742638485774,263.3704615176121,244.9693858423946,206.69300907384363
180.70141117323905,249.96999819978396,261.72504656604804,244.03483357914297,205.8761763779384
181.13530854032848,250.15395259719563,263.2128416320146,243.6801181877586,207.76188293332345
181.5736765062601,250.25187311986298,262.2250941462315,242.39224410034245,206.11889772653063
181.12150617748296,249.35917869611296,262.90872941003687,242.98148077579904,206.37102509800158
181.12150617748296,249.15858403835898,261.2374398894615,242.7447218787671,208.08652046684813
180.6792738528689,250.25187311986298,262.2250941462315,242.39224410034245,207.51144546747295
180.6792738528689,248.26195842295292,262.070601174569,242.39224410034245,208.33146665830392
182.4828759089466,250.25187311986298,263.0589287593181,242.39224410034245,206.93960471596537
181.13530854032848,249.35917869611296,262.070601174569,242.0433845408711,207.1955597979841
180.7097119692243,249.46542846655126,261.9198350640898,241.69815886762564,207.76188293332345
179.78876494375282,248.26195842295292,260.2498799231231,240.52026941611388,207.76188293332345
181.1767093199344,249.35917869611296,262.90872941003687,242.98148077579904,207.46083967823904
182.0604295282201,248.47132631352054,261.9198350640898,241.3565826738521,206.6325240614362
181.1767093199344,248.58197842965205,261.7728022541685,241.69815886762564,206.6325240614362
180.7097119692243,247.58836806279893,260.78343505675355,241.1057859114957,207.76188293332345
181.1767093199344,248.58197842965205,260.78343505675355,240.41630560342617,207.1955597979841
180.24705268048075,248.3646512690564,261.9198350640898,241.4560001325293,209.72362766269327
181.24568960391858,248.58197842965205,261.6295090390226,240.41630560342617,205.5164227014474
180.7097119692243,248.58197842965205,259.7941492797711,239.47651241823277,206.37102509800158
181.57092278225608,250.25187311986298,261.2374398894615,242.98148077579904,207.76188293332345
182.02472359545007,247.4772716836841,261.0823624835657,242.0433845408711,207.1955597979841
181.57092278225608,248.3646512690564,261.0823624835657,240.75921581530375,207.76188293332345
182.0604295282201,249.25689559167665,262.070601174569,241.69815886762564,207.76188293332345
181.59570479501986,249.35917869611296,262.070601174569,242.0433845408711,207.76188293332345
181.12150617748296,250.05999280172747,263.53178176455305,241.8098426450007,210.87437018281761
180.22763384120648,247.2670621008791,262.070601174569,240.16869071550522,207.51144546747295
179.7804216259379,248.16325271885037,261.2374398894615,241.4560001325293,207.85090810482401
182.02472359545007,249.57563983690395,261.9198350640898,241.3565826738521,207.76188293332345
181.12150617748296,247.16795908855175,261.2374398894615,241.1057859114957,207.51144546747295
180.22763384120648,249.25689559167665,262.2250941462315,241.1057859114957,207.51144546747295
181.57092278225608,250.353749722268,263.0589287593181,241.69815886762564,208.33146665830392
181.12150617748296,249.25689559167665,262.2250941462315,241.1057859114957,206.69300907384363
181.57092278225608,248.3646512690564,262.070601174569,240.41630560342617,206.93960471596537
182.4636950190366,249.06424873915566,262.2250941462315,240.16869071550522,207.27035485085656
181.12150617748296,247.2670621008791,261.0823624835657,240.75921581530375,205.2997808084558
180.6792738528689,249.15858403835898,262.2250941462315,241.69815886762564,207.27035485085656
180.22763384120648,247.16795908855175,259.10615585122633,239.8207664069148,205.6428943581567
181.13530854032848,247.2670621008791,261.0823624835657,240.07707095847366,205.8761763779384
182.0164827701052,247.16795908855175,261.2374398894615,240.75921581530375,207.27035485085656
179.3376703316958,248.06853891616325,260.40929322894755,241.1057859114957,207.03864373589778
177.54436065389405,246.9817807045694,260.7393334347543,240.87548650703334,207.62466134830902
179.79988876526036,247.8911051248108,261.0842775810141,242.1672975444868,207.03864373589778
178.94133116750865,247.65500196846418,261.444066675838,242.52834885843757,208.21383239352758
179.36833611315015,247.80839372386077,263.0532265531065,241.5967715016076,207.62466134830902
179.0111728356641,248.65236777477105,262.42713274354844,243.46046907044274,207.62466134830902
179.62739212046696,247.58432906789557,261.81863951980193,243.26117651610582,206.60348496576722
176.7766952966369,246.51977608297474,259.0694887477103,239.17566765873153,204.00980368599937
176.87566254292872,246.2925090212855,257.51310646256434,237.69728648009425,203.65657367244495
173.62603491412224,242.03305559365234,255.15485494107298,235.3720459187964,201.0198995124612
173.25414857947845,239.0083680543424,250.05999280172747,231.32012450281968,195.8979326077741
169.59363195591985,235.00851048419503,249.09837414162303,232.12496634356245,199.36148073286373
163.62457028209425,233.0085835328819,244.97550897997945,228.08989455914087,193.08029417835473
163.86579875007476,231.05410621756974,243.29817097545143,225.39742678211746,192.31484602078956
161.9876538505327,230.0347799790284,241.10785968109792,224.50167037240502,193.08029417835473
162.24980739587951,227.05505940189926,239.70189819857498,222.71281956816046,196.5426162439078
161.3071604114337,227.07928130941406,239.0083680543424,223.16137658654108,195.78048932414077
161.5951731952412,229.13969538253298,242.1672975444868,225.85393509965684,199.25109786397664
160.64868502418562,227.1079038695043,242.33241632105268,225.39742678211746,199.06029237394384
156.21779668142807,225.14217730136662,241.6298822579691,225.41739063346466,193.84787850270635
156.21779668142807,225.10886255321003,242.0743687382041,225.10886255321003,192.09372712298546
152.85614151874958,222.02026934494066,238.17010727629108,222.5690903966676,192.80041493731284
150.28306624500314,220.00227271553356,235.51220775153035,220.4654167891191,191.60375779195982
146.77874505527018,217.0829334609241,233.4180798481557,218.56349191939628,189.8341381311591
144.66858677681205,217.14741536569116,230.63390904201404,217.46953809671828,188.80677953929515
139.2838827718412,213.08449028495716,231.25094594401122,216.5386801474508,189.44656238633627
142.67795905464865,212.0,230.6534196581529,218.81956036881164,193.98195792392653
149.57606760441325,222.1823575354263,238.32121181296472,224.0557966221807,189.02116283633427
167.6305461424021,234.30749027719963,246.44877763949248,230.82460874005614,197.29419656948858
172.02906731131225,242.5963726027246,253.00197627686626,236.799493242701,202.25231766286387
181.51583952922675,249.8839730755056,257.1089263327899,238.39882550046258,205.2997808084558
