OA,OB,OC,OD,OE
139.51702405083043,112.8716084761797,109.62207806824317,108.16653826391968,107.2240644631605
150.0966355385756,129.71121771072848,117.15374513859982,106.5269918846862,96.74709297958259
156.11854470241516,129.29423807734048,117.44360348695028,107.05606008068857,94.66784036831093
135.95955280891445,129.71121771072848,117.00427342623003,106.21675950620975,94.03190947758107
142.66744548074027,129.71121771072848,116.21101496846157,106.30145812734649,95.13148795220224
140.45995870709916,128.80993750483694,115.20850663036997,105.47511554864494,92.91393867445294
138.2244551445221,129.71121771072848,116.60617479361889,106.21675950620975,94.87360012142472
137.80058055030102,128.4445405612866,115.10864433221339,105.3612832116238,93.74433316206373
136.97079980784227,126.7162183779172,114.54693361238441,104.66135867644753,95.44108130150245
141.15594213493105,126.7162183779172,113.718951806636,104.65180361560904,94.30270409696638
142.67795905464865,123.8587905640936,109.07795377618706,99.08582138732059,91.02197536858887
142.46754016266303,126.64912159190051,111.30588483993108,102.6498904042279,93.81364506296512
142.80406156688963,126.08727136392476,110.45361017187261,102.59142264341595,91.83681179135085
143.17122615944868,124.78781991845197,111.30588483993108,102.59142264341595,92.41753080449618
147.4720312466062,124.42266674525185,109.9317970379817,100.44899203078147,91.2633551870629
145.60219778561037,124.78781991845197,108.55873986004075,100.4987562112089,91.02197536858887
148.06079832285116,124.78781991845197,109.9317970379817,100.44899203078147,90.44335243676011
146.18481453283715,125.15989773086265,110.13627921806692,101.11874208078342,92.65527507918802
148.7615541731129,125.80143083447024,109.0,99.70456358662827,89.58794561770016
145.16542288024377,123.90722335683259,109.288608738514,101.11874208078342,90.13878188659973
140.11780757633915,124.32618388738553,109.62207806824317,99.72462083156798,85.98255637046388
130.97327971765844,123.06502346320826,105.80170130957252,94.847245611035,82.92767933567175
127.76932339180638,124.03628501370073,107.80074211247342,94.847245611035,82.37718130647589
127.38916751435343,120.7393887677091,104.80935072788114,91.35097153287424,79.32212806020776
139.08630414242805,122.31925441237777,105.11898020814318,85.14693182963201,69.1158447825099
136.2130683891968,123.00406497347964,104.35037134576953,82.21921916437786,63.812224534175265
138.2208377922808,125.25174649480941,105.55093557141026,82.97590011563598,65.5133574166368
144.51643505151932,124.73972903610141,102.7277956543408,81.46778504415104,62.96824596572466
136.4587849865299,119.85407794480753,97.45255255764212,74.33034373659252,52.40229002629561
124.55520864259351,117.29023829799307,94.86832980505137,70.0,44.40720662234904
119.26860441876563,120.10412149464314,97.3498844375277,72.94518489934754,49.24428900898052
109.85900054160332,116.51609330903607,94.33981132056604,71.58910531638176,49.040799340956916
116.49892703368559,120.93386622447825,98.00510190801293,75.29276193632427,54.70831746635972
107.64757312638311,115.96551211459379,95.80187889597991,73.824115301167,53.85164807134504
100.42410069301094,113.14592347937243,93.23089616645332,71.17583859709698,52.773099207835045
100.60318086422517,115.27792503337315,99.02019995940222,76.02631123499285,59.90826320300064
95.01578816175763,113.95174417269794,96.21330469326995,74.32361670424818,59.841457201508724
92.69843580125827,112.92918134831227,91.67878707749138,71.69379331573968,59.413803110051795
84.1486779456457,109.98636279102969,89.40357934669059,72.11102550927978,61.032778078668514
82.73451516749222,106.5269918846862,88.40814442120137,70.22819946431775,61.00819617067857
77.79460135510689,104.48444860360799,88.60022573334675,69.28924880528002,59.0
77.10382610480494,102.17631819555841,89.20201791439474,67.4166151627327,57.0
74.96665925596525,100.7670581092849,89.81091247727082,68.35202996254024,56.0
71.42128534267638,97.45255255764212,87.00574693662483,66.48308055437865,57.0
70.76722405181653,95.90099061010788,88.0056816347672,66.12866246946176,59.00847396772772
72.12489168102785,98.08159868191383,90.80198235721508,66.48308055437865,59.0
73.53910524340094,96.82974749528164,87.00574693662483,63.324560795950255,55.00909015790027
74.95331880577403,96.82974749528164,87.00574693662483,65.55150646628954,57.0087712549569
74.95331880577403,97.0051545022222,87.6184911990614,62.76941930590086,56.0
74.27651041883968,98.08159868191383,86.6083136886985,65.19202405202648,57.0087712549569
77.10382610480494,97.8008179924892,86.05230967266364,63.56099432828282,54.00925846556311
72.91776189653656,97.45255255764212,85.60373823613078,62.03224967708329,55.00909015790027
77.07788269017254,99.02019995940222,86.05230967266364,62.76941930590086,54.0
71.50524456289902,97.94896630388705,84.40379138403677,63.56886030125127,55.14526271584895
75.66372975210778,100.12492197250393,87.80091115700337,66.12866246946176,56.00892785976178
74.27651041883968,99.35793878699377,85.80209787645055,63.56886030125127,54.08326913195984
77.79460135510689,100.65783625729296,88.0056816347672,66.40783086353596,58.034472514187634
76.36753236814714,102.17631819555841,86.40023148117139,65.45991139621256,56.08029957123981
75.66372975210778,102.17631819555841,85.60373823613078,65.7875368135941,56.0357029044876
77.79460135510689,103.58571330062848,86.40023148117139,66.40783086353596,57.07889277132134
75.7429864739964,101.53324578678651,84.81155581640984,65.45991139621256,55.08175741568164
75.0066663703967,104.23531071570709,85.0,65.45991139621256,54.08326913195984
77.10382610480494,102.6498904042279,84.40379138403677,66.09841147864296,55.08175741568164
79.2464510246358,104.1393297462587,87.00574693662483,67.67569726275453,56.08029957123981
78.64477096412705,104.1393297462587,87.00574693662483,67.67569726275453,55.00909015790027
73.59347797189639,101.9803902718557,83.00602387778854,64.8459713474939,54.147945482723536
78.64477096412705,104.23531071570709,86.21484790916237,66.12866246946176,54.00925846556311
75.07329751649384,102.6498904042279,83.60023923410746,66.09841147864296,54.037024344425184
77.33692520394123,104.1393297462587,84.81155581640984,66.73080248281148,55.00909015790027
71.7007670809734,100.65783625729296,79.02531240052139,60.08327554319921,50.15974481593781
68.24954212300622,100.7670581092849,79.81227975693966,59.77457653551382,51.15662224971465
65.0,96.67471230885562,77.62087348130012,56.04462507680822,50.48762224545735
54.405882034941776,89.49860334105779,61.61168720299745,46.389654018972806,45.221676218380054
55.036351623268054,86.6083136886985,59.54829972383762,36.40054944640259,32.01562118716424
57.0087712549569,83.21658488546619,54.45181356024793,29.546573405388315,23.08679276123039
64.1248781675256,71.11258679024411,48.16637831516918,21.095023109728988,15.620499351813308
77.6659513557904,70.8801805866774,42.04759208325728,14.317821063276353,9.219544457292887
119.10499569707393,94.33981132056604,58.008620049092706,31.04834939252005,22.47220505424423
147.52626884728022,115.35163631262454,84.52810183601665,60.8276253029822,54.48853090330111
166.6433316997713,138.27870407260838,97.41663102366043,76.32168761236873,73.0
168.88457596832222,112.28535078094559,93.30058949438637,84.40379138403677,87.20665112249179
166.20770138594662,113.03981599418853,99.68951800465283,91.7877987534291,87.11486669908874
172.02616080119907,119.94165248152953,108.50345616615168,100.31948963187563,98.60020283954795
162.11107303327555,130.29197979921864,118.15244390193544,107.5174404457249,103.81714694596457
162.9846618550347,138.19189556555045,126.8897158953396,114.5294721894762,106.7379969832674
175.6843760839307,139.20488497175666,131.24404748406687,119.01680553602503,112.44998888394787
171.29214809792072,142.0211251891774,133.19534526401438,117.38824472663352,106.07544484940895
172.3629890666787,142.63590010933433,133.75350462698165,118.84864324004712,109.29318368498559
173.6663467687393,145.45446022724775,133.77593206552515,118.92854997854805,110.3177229641729
169.7115199389835,147.07821048680188,134.61797799699713,118.10588469674151,109.88175462741756
175.17134468856486,149.80320423809366,137.64446955835166,125.03199590504823,116.37869220780924
173.80736463107655,153.21879780235844,138.62178760930766,128.70120434556935,120.33287165193059
174.73408368146153,157.62296786953354,138.70832707519762,127.6401190848708,120.15406776301833
174.15223225672418,157.47063218263906,140.46351839534705,130.41855696180662,122.57650672131263
167.70509831248424,154.84508387417407,135.80132547217644,126.90547663517127,117.61802582937702
160.822883943797,154.69324484281788,134.52509059651288,124.52309022827855,119.07980517283357
152.34500319997372,155.08062419270823,136.2130683891968,125.86500705120545,119.20151005754919
147.31259280862582,149.7230777134908,131.9280106724876,121.37956994486346,114.28035701729323
139.8070098385628,149.3251485852266,133.7235955244997,121.51131634543344,111.83022847155415
144.1700384962146,148.70776711389354,133.01503674397117,117.88977903109328,107.05606008068857
140.05713120009278,150.65855435387664,129.46814279968643,115.43396380615195,107.81465577554843
139.29106216839614,146.972786596703,132.4009063413087,115.93532679903913,104.1393297462587
137.5245432641025,144.53373308677806,133.8992158304148,115.43396380615195,99.76472322419383
136.5283853270081,143.13629868066312,130.97327971765844,113.53413583587978,99.03534722511958
136.61991070118586,140.69825869569246,125.22779244241272,108.55873986004075,96.42613753542138
130.5526713629407,141.56623891309678,125.35549449465708,110.11357772772621,98.85848471426213
130.4645545732633,142.70599146496969,124.78781991845197,109.85900054160332,100.26464980241042
136.03308421115798,144.734239211045,128.5496013218244,112.8007092176286,102.00490184299969
137.03284277865654,146.11296999240005,131.0953851209111,113.4063490286148,103.81233067415451
140.089257261219,150.02999700059985,133.41664064126334,114.40279716860073,102.61578825892242
140.0142849854971,150.44268011438774,132.61975720080324,115.80155439371269,105.60303025955268
142.00352108310554,151.00993344810135,133.82451195502264,116.21101496846157,106.01886624558857
143.0034964607509,153.7595525487766,133.01503674397117,117.00427342623003,106.01886624558857
146.16771189288008,152.190669884852,136.4734406395618,120.42009799032718,107.41508273980894
146.01369798755184,153.80507143784303,134.65882815471105,119.63277142990545,106.01886624558857
148.0135128966271,156.7322557739791,136.0588108135596,120.60265337047937,107.00467279516349
149.05368160498418,154.14927829866735,135.6502856613284,119.20151005754919,104.20172743289815
149.00335566691106,158.38244852255568,136.4734406395618,120.42009799032718,106.40018796975878
147.08500943332058,156.31058825300352,136.0588108135596,121.03718436910205,107.41508273980894
148.0,157.08914666519772,141.0319112825179,123.81033882515628,108.23123393919151
151.0529708413575,157.33403954643762,141.15594213493105,124.61942063739504,108.70602559196064
152.08221460775746,161.83015788165073,140.11780757633915,123.40583454602137,109.20164833920778
155.0129026887762,159.24823389915505,138.92443989449805,120.43255373859678,106.66770832824712
152.029602380589,158.47397262642215,139.20488497175666,123.40583454602137,110.0
153.11760186209813,157.4102919125684,139.5564401953561,123.22743201089601,110.0
152.0526224699857,157.17824276915684,139.12943613772032,122.61321299109652,109.20164833920778
152.16109883935513,155.97756248896826,135.988970140964,120.2538980657176,107.41508273980894
147.97972834141845,153.73353570382747,134.71822445385777,120.34118164618461,106.53168542738823
151.4199458459816,155.08062419270823,135.95955280891445,121.37956994486346,105.43718509140881
160.72958657322553,154.5477272560163,137.84411485442533,123.10970717209915,107.91200118615167
157.54364474646383,154.35349040433132,139.61733416735902,127.47548783981962,112.37882362794157
157.2800050864699,152.97058540778355,142.41137595009747,128.08200498118384,114.58621208504974
167.38578195294843,150.8409758653132,140.0,126.58988901172162,109.04127658827184
180.27756377319946,146.18481453283715,138.2208377922808,119.55333537798099,98.59513172565875
170.53152201279386,144.46106741956464,129.0155029444136,109.98636279102969,90.27181176868004
169.7056274847714,138.05795884337854,119.57006314291216,99.12618221237011,80.95060222135473
154.17522498767434,132.5745073534124,113.25193155085701,94.36630754670864,74.33034373659252
148.39474384222643,127.62444906835053,111.8257573191436,93.30058949438637,75.66372975210778
145.24462124292245,128.41339493993607,114.06138698087096,93.30058949438637,79.22752047110903
148.67750334196495,128.80993750483694,113.6001760562016,94.5568612000208,82.15229759416349
149.4590244849738,128.42507543311004,116.9700816448377,96.79876032264049,87.20665112249179
141.4955829699288,125.15989773086265,107.91200118615167,87.66413177577246,84.2140130857092
141.35416513141735,129.4488315899375,109.288608738514,88.60022573334675,86.20904824900923
139.46325680981354,130.17680284904833,110.43550153822818,87.66413177577246,84.1486779456457
129.63024338479042,128.03515142334936,108.2266141020775,85.7962703152066,83.15046602394962
126.50691680694776,128.14444974324874,107.20074626605917,84.30895563343196,82.15229759416349
125.0,125.93649193144932,107.64757312638311,86.37708029332781,84.0535543567314
120.80149005703531,123.0447073221762,104.5609869884557,83.48652585896721,83.0
123.22743201089601,124.48293055676348,106.01886624558857,84.50443775329198,83.15046602394962
121.03718436910205,123.79418403139947,103.81233067415451,82.28000972289685,81.09870529176159
116.21101496846157,117.41379816699569,102.07840124139877,80.32434251209281,82.00609733428362
114.80853626799707,114.56002793295748,98.73702446397704,77.79460135510689,80.0
112.2007130102122,114.56002793295748,98.73702446397704,77.79460135510689,80.0
112.44554237496477,113.95174417269794,98.00510190801293,75.61084578286372,78.02563681252464
111.60645142642964,112.43220179290273,97.082439194738,77.79460135510689,79.0
114.63420083029322,111.80339887498948,97.41663102366043,76.21679604916491,78.00640999302557
110.60289327137876,109.65856099730654,96.83491106000976,75.8946638440411,78.0
109.20164833920778,107.56393447619885,95.44108130150245,75.8946638440411,77.00649323271382
105.60303025955268,108.97706180660222,96.83491106000976,78.43468620451031,78.00640999302557
104.4030650891055,106.21675950620975,95.44108130150245,75.8946638440411,77.0
105.4229576515476,102.6498904042279,91.02197536858887,73.68174807915459,74.02702209328699
96.02083107326243,101.17806086301516,88.75246475450696,71.84010022264724,73.06161783043132
86.28441342444185,100.41912168506553,87.8179936004006,70.09279563550022,69.26037828369117
80.15609770940699,99.24716620639605,86.28441342444185,72.12489168102785,68.0294054067798
71.34423592694787,88.61715409558128,80.26207074328447,66.48308055437865,63.198101237299845
62.26556030423239,81.46778504415104,70.49113419430843,59.665735560705194,60.530983801686226
53.31041174104736,80.15609770940699,56.302753041036986,50.635955604688654,57.0087712549569
48.02082881417188,81.02468759581859,51.62363799656123,42.15447781671598,44.91102314577124
43.382023926967726,81.54140052758476,53.03772242470448,45.5411901469428,49.8196748283246
39.96248240537617,72.069410986909,48.79549159502341,43.965895873961216,51.478150704935004
30.23243291566195,60.83584469702052,39.59797974644666,34.36568055487916,45.12205669071391
8.602325267042627,47.51841748206689,21.2602916254693,24.73863375370596,44.654227123532216
18.384776310850235,38.47076812334269,9.433981132056603,17.4928556845359,43.139309220245984
43.68065933568311,44.04543109109048,12.727922061357855,11.180339887498949,32.7566787083184
38.05259518088089,38.01315561749642,12.083045973594572,16.0312195418814,32.69556544854363
34.713109915419565,34.0,9.0,21.02379604162864,34.539832078341085
38.2099463490856,32.69556544854363,10.198039027185569,21.095023109728988,38.27531841800928
48.38388161361178,37.33630940518894,11.0,21.0,37.73592452822641
60.41522986797286,40.52159917870962,12.0,22.02271554554524,38.58756276314948
57.87054518492115,45.12205669071391,14.035668847618199,23.345235059857504,38.07886552931954
59.93329625508679,45.5411901469428,14.317821063276353,26.019223662515376,47.41307836451879
57.87054518492115,45.60701700396552,14.035668847618199,22.02271554554524,43.56604182158393
66.30987860040162,49.8196748283246,19.1049731745428,23.345235059857504,43.46262762420146
57.77542730261716,42.44997055358225,15.0,22.02271554554524,45.65084884205331
68.30812543175226,44.94441010848846,13.416407864998739,17.46424919657298,40.36087214122113
64.32728814430156,51.07837115648854,15.231546211727817,17.029386365926403,41.182520563948
60.41522986797286,46.95742752749558,14.866068747318506,19.4164878389476,41.6293165929973
58.855755878248644,47.853944456021594,16.15549442140351,20.615528128088304,37.33630940518894
62.36184731067546,52.80151512977634,21.095023109728988,15.652475842498529,33.24154027718932
90.70832376358854,64.40496875241847,39.56008088970496,33.1058907144937,37.12142238654117
92.64987857520376,82.29823813423954,55.362442142665635,41.43669871020132,43.01162633521314
88.48163651289458,32.31098884280702,41.400483088968905,30.528675044947494,25.495097567963924
183.17477992343814,96.42613753542138,76.96752561957543,65.06919393998976,73.00684899377592
193.82982226685345,152.04275714416653,104.00480758118829,79.64923100695951,70.25667228100119
124.73972903610141,116.66190466471906,104.35037134576953,98.38699100999075,89.49860334105779
144.42298985964803,123.81033882515628,110.45361017187261,101.53324578678651,95.60334722173695
150.3362896974646,122.54386969571347,108.85311203635843,97.0051545022222,89.05054744357274
153.16984037335808,122.15563842901399,109.40292500660117,97.30878685915265,89.89438247187641
145.49914089093448,125.53883861180172,111.77208953938367,99.82484660644363,91.4166286842826
134.71822445385777,130.17296186228538,114.82595525402782,104.00480758118829,94.87360012142472
145.7737973711325,132.85330255586422,115.6027681329474,103.9471019317037,94.57801012920498
139.64598096615597,133.52153384379613,118.07201192492656,106.4048871058092,96.04686356149273
141.6827441857335,133.88054376943649,119.9208072020865,107.00467279516349,96.33275663033837
142.87407042567241,134.73306943731373,121.46192819151193,108.4665847162157,99.00505037623081
138.51353724455961,134.4953530795767,121.49074038789952,109.41663493271945,99.15644204992432
146.696966567138,135.07405376311175,121.1156472137271,109.77249200050075,100.65783625729296
140.8900280360537,135.29966740535616,122.2620137246234,112.25862995778988,100.80178569846865
142.79005567615695,137.01459776242822,123.97580409095961,112.92475370794483,102.62553288534
149.01342221424215,137.23337786413333,124.45882853377658,114.82595525402782,103.94229168149026
145.08618128546908,140.03570973148243,125.39936203984452,116.21101496846157,108.25894882179486
147.36349615830918,139.6352391053204,125.00399993600205,117.08543888972702,110.4943437466371
145.16886718577092,140.68759717899798,126.0634760745554,119.5198728245642,112.94689017409908
145.46477236774544,140.73023839957068,127.01181047445942,119.10499569707393,110.11357772772621
149.88328792764054,140.2355161861645,128.86038956948718,120.10412149464314,108.04628637764465
148.86235252742716,139.11865439257238,129.98846102635417,121.3424904969401,107.0420478129973
155.3319027115808,139.51702405083043,130.5450113945378,122.0245876862528,111.11255554616679
151.64761785138597,137.63720427268203,130.6789960169575,121.29715577869086,109.45775440780794
149.4824404403407,137.13132391981054,129.76902558006668,119.87076374162301,111.30588483993108
145.6639969244288,138.03260484392808,130.17296186228538,121.07848694132248,111.61093136427094
144.42298985964803,137.88763541376724,130.3572015655445,120.42009799032718,109.14210919713803
145.45446022724775,137.53544997563355,130.09611831257686,121.31364309095659,111.32834320154055
144.84474446799925,136.60527076214885,128.81770064707723,120.41594578792295,109.9317970379817
143.7358688706476,136.75159962501354,129.41792766073794,119.85407794480753,111.8257573191436
141.8238343861849,136.4734406395618,128.42507543311004,119.47384651043926,110.05907504608605
144.69968901141425,140.11780757633915,128.80993750483694,118.86967653695369,110.13627921806692
139.4596715900335,140.0142849854971,128.41339493993607,117.38824472663352,106.50821564555478
137.87313008704777,142.6218777046495,128.63125592172378,116.27553482998907,103.40696301506973
139.91783303067555,142.44297104455524,129.25169244539896,116.03878661895772,104.48444860360799
132.84953895290718,141.65097952361643,127.90621564255585,118.2285921425101,106.5269918846862
135.29966740535616,142.20056258679148,129.3560976529518,117.64352935882194,106.88779163215975
132.13629327327143,140.24621207005913,128.4445405612866,118.81077392223317,109.04127658827184
132.09466302617983,141.41074923781431,129.07749610214788,118.71394189394942,109.62207806824317
136.0,139.44174410842686,127.22421153223941,117.34564329364768,108.18964830333815
136.01470508735443,140.73023839957068,128.51459061133875,119.57006314291216,109.62207806824317
139.0323703315167,139.16896205691842,127.13772060250254,119.36498649101419,108.93117092916977
148.75819305167698,139.30183056945089,127.13772060250254,118.51160280748886,105.38026380684383
148.48568954616468,138.0507153186828,126.49110640673517,117.83462988442744,106.83164325236227
145.41664278891878,139.70325694127536,127.4872542648872,115.88356225108029,104.1393297462587
146.01369798755184,141.35416513141735,129.80754985747168,118.07201192492656,105.11898020814318
156.11534197509224,142.28492541376264,128.3160161476345,117.61802582937702,105.89145385724005
153.0130713370593,142.12670403551894,129.52219886953742,119.4361754243663,108.23123393919151
154.0811474515945,143.05593311708537,129.07362240210043,118.59595271340417,107.20074626605917
154.0,143.0873858870865,127.57742747053649,116.73045875006231,105.26157893552613
152.26621424334422,144.01388821915754,129.07362240210043,118.18629362155326,105.60303025955268
155.0290295396317,142.01408380861386,130.41855696180662,118.70130580579136,106.60675400742676
158.02847844613325,143.01398533010678,130.23056476879765,117.38824472663352,106.01886624558857
155.0290295396317,142.12670403551894,129.71121771072848,118.84864324004712,106.50821564555478
152.3285921946369,139.51702405083043,125.89678312014172,115.76700738984316,101.87246929372037
145.0551619212498,141.0319112825179,129.0658746532173,117.5457357797381,103.77379245262264
150.05332385522155,138.03260484392808,126.90547663517127,116.46887996370532,101.54801819828883
166.24379687675568,135.09256086106296,124.53513560437472,114.94781424629178,101.21264743103995
159.02201105507376,132.24220203853233,119.07980517283357,105.08092119885512,93.5200513259055
152.16109883935513,128.7245120402482,114.33722053644648,99.62429422585637,85.23496934944014
157.15597347857954,123.79418403139947,111.9866063420086,95.88013350011565,81.59656855530139
150.26975743641833,121.49485585818027,110.47624178980746,94.83142938920619,78.84795495128583
153.16984037335808,121.80722474467596,111.00450441310929,93.86160024205851,75.43208866258443
148.38463532320318,117.15374513859982,110.21796586763884,91.98369420718001,76.11832893594026
143.38758663147937,113.95174417269794,106.21205204683694,90.6697303403953,78.02563681252464
137.99275343292487,113.43720729989786,102.39628899525607,88.02272433866155,77.41446893184762
141.50971698084905,114.75626344561765,100.84145972763385,87.09190547921202,79.40403012442127
139.2838827718412,117.17508267545622,104.93807697875924,89.02246907382428,82.73451516749222
139.08630414242805,119.61605243444544,101.41498903022176,87.20665112249179,83.48652585896721
136.8575902169843,115.15641536623133,95.80187889597991,83.21658488546619,79.76214641043707
135.2479205015737,118.96217886370441,93.60555539069249,79.51100552753688,77.31752712031083
137.38267721950973,117.23907198540937,91.0823802938856,77.41446893184762,76.4198926981712
136.4734406395618,114.9086593777858,87.66413177577246,73.43704787094863,73.824115301167
137.80058055030102,115.66330446602328,85.61541917201598,69.72087205421343,71.7007670809734
135.56548233234005,115.66330446602328,82.46211251235322,68.59300255857006,71.84705978674423
137.80058055030102,114.03946685248927,84.09518416651456,68.24954212300622,71.449282711585
138.2931668593933,113.81124724736128,83.19254774317228,67.26812023536856,70.45565981523414
140.8900280360537,116.60617479361889,84.07734534343957,67.468511173732,71.449282711585
138.6542462386205,115.6027681329474,85.0,70.09279563550022,72.17340230306452
139.5313584826006,114.80853626799707,84.11896337925236,67.91170738539859,71.17583859709698
140.87228258248675,113.85077953180645,85.95929269136641,69.3757882838098,72.11102550927978
139.08630414242805,114.21471008587291,86.45229898620394,68.6804193347711,70.02856560004639
141.3223266154361,112.16059914247963,85.0881895447306,67.446274915669,70.06425622241343
141.3223266154361,111.39569111954016,86.45229898620394,67.446274915669,70.06425622241343
140.4314779527724,109.78615577567146,85.23496934944014,66.09841147864296,68.0294054067798
138.6542462386205,109.04127658827184,83.52843827104634,66.09841147864296,68.0294054067798
135.5322839769182,111.80339887498948,84.05950273467003,65.45991139621256,69.00724599634447
134.18271125595876,108.93117092916977,82.37718130647589,61.98386886924694,67.02984409947557
129.29423807734048,110.3177229641729,79.63039620647382,60.74537019394976,67.00746227100382
123.47064428438041,112.43220179290273,83.81527307120105,65.19202405202648,70.00714249274856
126.1269202034205,114.6298390472568,88.23264701911646,64.25729530566937,71.0
127.47548783981962,115.31261856362468,90.21086409075129,66.30987860040162,71.06335201775947
127.05904139414872,114.56002793295748,92.20086767487604,67.62396025078685,72.11102550927978
123.8789731956154,114.6298390472568,93.47726996441435,69.6419413859206,73.02739212103907
124.77980605851253,114.56002793295748,94.62557793746889,68.15423684555495,72.06247289678588
122.98373876248843,114.58621208504974,99.04544411531506,70.00714249274856,74.06078584514209
125.67020331009256,115.27792503337315,100.43903623591775,74.46475676452586,76.10519036176179
124.32618388738553,115.31261856362468,105.11898020814318,74.09453421137081,77.10382610480494
121.2023102090055,116.69190203266035,103.1746092796091,78.43468620451031,80.02499609497022
122.53978945632312,116.67476162392619,106.25441167311595,81.34494452638098,82.21921916437786
123.00406497347964,118.80235687897779,110.67971810589327,83.57032966310472,83.2946576918352
119.4361754243663,119.5198728245642,111.01801655587259,86.16263691415206,85.37564055396598
117.78370006074695,118.0889495253472,112.0714058089752,85.7962703152066,87.36704184073076
114.94781424629178,120.20815280171308,112.6454615153225,87.66413177577246,87.5728268357257
115.43396380615195,118.25819210524064,114.0570032922135,87.93179174792243,89.1403387922662
113.3225485064645,116.3872845288522,106.6770828247567,88.05679985100527,86.05230967266364
111.08555261599052,113.56936206565572,102.88342918079665,88.84255736976509,85.0235261559999
110.81967334368028,109.40292500660117,103.78824596263297,93.2148056909416,90.13878188659973
103.69667304209909,97.12878049270464,97.40636529508737,92.19544457292888,90.6697303403953
89.56003573022959,80.7093550959243,86.37708029332781,79.1012010022604,84.01190391843289
79.05694150420949,78.87331614684399,77.1621668954417,70.00714249274856,79.62411694957753
67.08203932499369,62.42595614005443,66.70832032063167,65.76473218982953,75.8946638440411
66.09841147864296,60.30754513325841,60.08327554319921,57.07889277132134,65.7875368135941
57.697486947006624,56.568542494923804,51.478150704935004,46.0,63.15853069855251
41.617304093369626,51.61395160225576,44.77722635447622,35.0,50.60632371551998
31.89043743820395,45.17742799230607,37.589892258425,24.020824298928627,43.829214001622255
4.47213595499958,66.21933252457322,17.804493814764857,11.704699910719626,32.802438933713454
25.317977802344327,39.96248240537617,3.0,16.0312195418814,38.600518131237564
52.773099207835045,74.33034373659252,31.400636936215164,9.433981132056603,20.396078054371138
34.058772731852805,40.607881008493905,7.615773105863909,16.0312195418814,35.4682957019364
62.20128616033595,45.79301256742124,19.72308292331602,15.0,31.78049716414141
102.88342918079665,75.66372975210778,61.741396161732524,48.84669896727925,47.29693436154187
83.2586331859946,54.45181356024793,27.784887978899608,5.385164807134504,18.867962264113206
104.04326023342406,69.42621983083913,38.47076812334269,13.45362404707371,8.602325267042627
60.166435825965294,58.249463516842795,47.67598976424087,42.20189569201838,50.15974481593781
96.16652224137046,69.77105417004964,39.44616584663204,18.384776310850235,22.825424421026653
101.91172650877817,75.47184905645283,53.907327887774215,32.7566787083184,29.154759474226502
105.0,84.581321815162,60.4648658313239,41.012193308819754,30.083217912982647
82.38931969618392,86.05230967266364,75.71657678474378,65.52098900352466,65.92419889539804
135.60235986147143,106.4377752492037,83.48652585896721,63.702433234531945,50.53711507397311
161.14899937635357,112.72976536833562,94.04786015641186,77.00649323271382,64.47480127925948
140.00357138301865,111.23398761170077,91.26883367283708,78.10249675906654,71.11961754677819
138.19551367537227,112.94689017409908,92.9623579735368,81.39410298049853,79.75587752636166
135.36617007214173,118.1397477566293,101.51847122568385,85.14693182963201,78.2368199762746
136.12494260788506,113.35784048754634,100.31948963187563,90.27181176868004,84.64632301523794
143.13629868066312,114.5294721894762,101.83319694480774,89.04493247793498,81.39410298049853
152.45327152934436,118.06777714516353,106.23088063270491,94.41398201537736,85.0411665018772
158.25612152457168,124.03628501370073,111.19802156513397,99.74467404327912,91.60785992479029
151.16216457830973,125.39936203984452,114.27160627207444,103.07764064044152,95.13148795220224
143.05593311708537,131.7459676802292,116.52038448271615,105.30432089900205,97.12878049270464
145.67429423202984,131.84839779079607,117.10678887237921,107.70329614269008,100.17983829094555
147.13938969562162,133.55523202031435,120.01666550941998,109.88175462741756,99.80981915623332
140.68759717899798,134.2013412749664,120.33702672078948,111.15754585272202,102.18121158021175
145.33065746772084,133.76471881628578,120.81390648431164,111.64676439557037,98.97979591815695
142.44297104455524,133.9328189802634,122.78436382536663,111.07204868912791,95.35197952848173
147.13599151805107,135.69450983735487,124.91997438360288,113.6001760562016,100.0199980003999
144.40221604947757,134.8332303254654,124.61540835707277,113.5649593844862,101.01980003939822
145.90750494748377,135.20724832641184,126.11502686040232,115.52056094046635,103.4842983258813
149.03690818049066,135.14806694880988,126.57013865837392,116.81181447096864,106.88779163215975
150.6286825275983,136.517398158623,126.82665335015349,118.10588469674151,109.63576058932597
149.01342221424215,136.01470508735443,128.08200498118384,120.10828447696687,110.69326989478628
148.86235252742716,137.37903770226373,125.99206324209474,117.2006825918689,111.35977729862789
146.37281168304446,138.23530663329106,127.4401820463232,119.20570456148481,111.01801655587259
148.47558721890948,134.73678042761748,125.67020331009256,117.41379816699569,108.2266141020775
145.6193668438371,134.48048185517482,124.34226956268733,115.36463929644994,106.60675400742676
143.5687988387449,133.52153384379613,123.89108119634763,114.47707194019246,104.9952379872535
142.72000560538106,133.4053971921676,122.10241602851272,114.0175425099138,105.64563407921787
141.15594213493105,132.9812016790343,123.1665539016173,116.49892703368559,108.18964830333815
143.75326083258076,130.54118124178285,120.55289295574785,111.83022847155415,102.55242561733974
138.70832707519762,130.4645545732633,119.36917525056458,109.12836478203089,95.90099061010788
136.13228860193308,129.0155029444136,115.52056094046635,106.51291001564083,96.60745312862771
137.05838172107534,129.0968628588627,116.40017182117903,106.4048871058092,95.4148835350125
141.2267680009707,128.191263352851,113.99122773266372,103.46496991735899,92.64987857520376
144.34680460612904,126.66885963013956,113.44161493913951,102.45974819410792,91.58602513484249
135.20355024924456,127.66362050325849,113.35784048754634,101.83319694480774,90.21086409075129
139.5886814895821,129.86916493148019,114.28035701729323,103.74005976477939,92.43916918709297
136.7808466123821,127.01181047445942,112.28535078094559,101.83319694480774,89.88882021697692
137.31715115017496,129.71121771072848,114.10959644131601,103.32473082471591,90.4267659490264
138.10141201305655,131.10682667199293,114.28035701729323,103.74005976477939,89.58794561770016
138.07968713753664,130.04999038831184,115.10864433221339,107.00467279516349,96.74709297958259
143.56183336806478,132.67252918370102,117.15374513859982,106.04244433244644,92.78469701410896
141.79210133149166,130.6981254647518,117.2092146548214,109.7679370308106,98.79271228182775
143.37712509323097,128.89142717807107,117.15374513859982,109.48059188732951,96.04165762834376
146.15402833996743,131.68523075880606,118.15244390193544,109.20164833920778,95.01578816175763
142.414886862294,134.34656675925888,119.03780911962384,109.63576058932597,93.15041599477696
143.39107364128355,133.18032887780387,119.06720791217035,110.86027241532469,96.74709297958259
146.32839779072276,129.71121771072848,117.2092146548214,108.81176406988355,96.56603957913983
141.59802258506295,131.40015220691336,117.06835610018618,108.93117092916977,98.11218069128827
143.19916200872126,130.04999038831184,117.15374513859982,107.56393447619885,95.1892851112981
146.32839779072276,130.41855696180662,117.10678887237921,108.24047302187847,97.75479527879949
147.49237268414933,130.728726758888,116.00431026474836,105.99056561788883,93.53608929178085
145.67086187704115,128.86038956948718,114.03946685248927,103.58088626768937,91.92388155425118
146.81280598094978,129.83836104942176,116.01724009818541,104.546640309481,93.29523031752481
148.12494725737457,129.07362240210043,117.01709276853532,108.41586599755591,94.41398201537736
153.88307249337075,128.09761902549164,116.01724009818541,108.66922287382016,95.88013350011565
148.29699929533302,126.60568707605516,115.0173899895142,105.53672346628922,93.47726996441435
145.98630072715727,128.65457628860312,116.0,106.48004507887852,91.30169768410661
155.7080601638849,131.84839779079607,119.10499569707393,108.81176406988355,96.38464608017192
153.20900756809309,130.64838307457157,118.6086000254619,106.97663296253066,95.13148795220224
144.00347218036097,133.0338302838793,121.3424904969401,108.63240768757728,97.3498844375277
139.91783303067555,132.015150645674,120.41594578792295,112.40106761058811,100.12492197250393
136.82470537150812,129.86916493148019,121.03718436910205,110.4943437466371,99.86490875177326
138.81282361511128,126.75172582651489,118.45674315968678,106.89246933250256,95.25754563287887
148.94629904767692,121.51131634543344,114.23659658795863,101.83319694480774,87.28115489611719
146.01369798755184,117.64352935882194,113.75851616472501,97.26767191621273,84.34453153583817
140.8900280360537,113.05308487608819,109.4440496326776,96.17692030835673,87.14355971613737
138.6542462386205,111.40017953306898,106.09901036296239,95.03683496413377,84.1486779456457
132.61975720080324,113.3225485064645,103.75451797391764,91.54780172128658,82.00609733428362
127.38916751435343,107.70793842609746,101.11874208078342,89.35882720806042,81.00617260431454
124.8118584109699,105.75916035975324,98.65596788841515,87.82368700982668,79.1012010022604
120.42009799032718,105.11898020814318,97.32420048477151,86.57944328765345,78.10249675906654
120.42009799032718,101.78899744078434,94.04786015641186,83.48652585896721,75.02666192761077
119.4361754243663,99.46356116689167,91.7877987534291,82.38931969618392,74.0
119.4361754243663,96.33794683301072,90.6697303403953,81.2219182240853,72.02777242147643
118.59595271340417,96.0260381354974,90.55385138137417,81.2219182240853,73.00684899377592
120.34118164618461,96.88137075826292,91.0823802938856,80.50465825031493,71.06335201775947
120.7683733433551,98.2700361249552,91.2414379544733,80.50465825031493,71.06335201775947
120.34118164618461,96.6902270139025,91.92388155425118,81.49846624323675,72.02777242147643
118.9663818059539,98.0612053770501,93.38094023943002,82.87339742040264,73.10950690573696
123.43419299367578,99.24716620639605,95.35197952848173,84.71717653463199,74.06078584514209
125.21980673998823,100.89598604503551,94.72592042308166,83.72574275573791,73.00684899377592
122.53978945632312,102.83968105745953,94.36630754670864,83.60023923410746,72.00694410957877
122.53978945632312,104.12012293500234,91.78235124467012,80.75270893288967,71.0
121.74152947946727,107.20541031123382,94.92101980067429,80.62257748298549,72.02777242147643
123.69316876852982,108.50345616615168,96.317184344228,81.61494961096282,73.06161783043132
124.88794977899188,111.89280584559492,97.8008179924892,81.88406438373708,76.02631123499285
129.46814279968643,112.69871339105873,98.08159868191383,84.8528137423857,81.09870529176159
131.94695904036593,113.25193155085701,97.73944955850733,84.17244204607586,80.02499609497022
132.83448347473634,112.36102527122117,95.85405573057407,78.44743462982075,77.00649323271382
131.4838393111488,112.32987136109433,94.93682109698007,78.44743462982075,77.02596964660685
132.84953895290718,113.00442469213318,95.75489543621255,78.85429601486528,75.02666192761077
132.4235628579748,112.61438629233834,95.70788891204319,74.95331880577403,74.06078584514209
140.03570973148243,114.0175425099138,97.94896630388705,76.6550715869472,76.00657866263946
138.2244551445221,114.63420083029322,94.82615672903758,75.43208866258443,74.02702209328699
139.12943613772032,111.66467659918243,94.41398201537736,73.24616030891995,73.10950690573696
131.59027319676784,113.07077429645558,94.02127418834527,73.24616030891995,72.11102550927978
132.5028301584536,112.29425630903836,94.51454914456292,73.24616030891995,74.10802925459562
130.18832512940628,113.70136322841516,97.24710792614863,72.12489168102785,75.02666192761077
127.9531164137865,112.92918134831227,95.88013350011565,71.84010022264724,75.05997601918082
129.71121771072848,115.52056094046635,99.64436762808022,74.33034373659252,76.00657866263946
130.18832512940628,114.10959644131601,102.2154587134451,71.16881339463234,76.00657866263946
131.0953851209111,113.27841806805037,103.24727599312246,71.78439941937245,76.00657866263946
129.76902558006668,111.12605455067681,101.87246929372037,71.47027354082255,75.0
126.62543188475212,110.45361017187261,101.87246929372037,70.51950084905593,76.0
125.29964086141668,109.71326264403953,97.94386147176351,68.62215385719105,75.0066663703967
124.48293055676348,107.62899237658968,99.12618221237011,68.00735254367721,75.05997601918082
125.00399993600205,107.62899237658968,97.41663102366043,71.16881339463234,76.02631123499285
123.97580409095961,108.2450922675019,99.32270636667126,68.62215385719105,73.00684899377592
122.00409829181969,105.55093557141026,95.524865872714,68.6804193347711,75.16648189186454
120.83045973594572,105.41821474489122,99.32270636667126,68.00735254367721,72.0
121.33424908079334,106.88779163215975,97.94386147176351,67.35725647619564,74.02702209328699
119.40686747419514,106.83164325236227,102.08329931972223,68.9492567037528,73.00684899377592
122.10241602851272,104.6900186264192,103.46496991735899,68.00735254367721,74.0
123.90722335683259,108.97706180660222,102.9271587094485,71.16881339463234,75.02666192761077
124.32618388738553,111.75866856758807,102.08329931972223,73.38937252763509,74.00675644831355
121.2023102090055,111.01801655587259,100.40418317978589,72.44998274671983,75.0066663703967
122.58874336577564,113.17243480636087,107.07474025184464,75.76938695805846,75.1065909225016
122.57650672131263,114.58621208504974,111.50336317797773,77.25283166331187,77.10382610480494
118.10588469674151,112.43220179290273,108.45275469069469,84.11896337925236,80.00624975587844
112.36102527122117,110.39021695784459,109.41663493271945,85.44003745317531,81.00617260431454
106.56922632730333,108.57716150277645,102.85912696499032,87.66413177577246,83.09632964216891
102.95630140987001,102.39628899525607,100.90094152187085,91.13725912051558,87.29833904490967
89.82204629154248,90.13878188659973,91.92388155425118,79.51100552753688,80.89499366462674
84.17244204607586,87.72684879784524,90.37698822156003,78.91767862779544,81.39410298049853
78.08969202141856,81.34494452638098,80.06247560499239,72.83543093852057,77.64663547121665
75.32595834106593,82.03657720797473,74.79304780526061,68.65857557508748,74.33034373659252
69.35416353759881,87.69264507357501,76.27581530209953,61.032778078668514,70.178344238091
72.06247289678588,82.03657720797473,71.84705978674423,59.77457653551382,71.17583859709698
70.06425622241343,74.51845409024533,66.2872536767062,59.90826320300064,71.34423592694787
67.11929677819934,75.28612089887484,70.21395872616783,59.135437767890075,70.178344238091
65.00769185258002,73.66138744281159,71.56116265125938,63.788713735268246,70.45565981523414
63.00793600809346,72.24956747275377,70.49113419430843,61.39218191268331,69.58448102845921
64.00781202322104,72.34638899074369,71.02112361825881,60.63827174318213,68.59300255857006
60.07495318350236,71.58910531638176,69.1158447825099,60.63827174318213,68.73136110975832
61.032778078668514,71.21797525905943,68.5054742338158,58.9406481131655,66.37017402418047
62.00806399170998,73.40980860893181,69.06518659932803,57.97413216254298,67.47592163134935
60.00833275470999,73.40980860893181,67.11929677819934,56.753854494650845,66.61080993352356
57.07889277132134,72.11102550927978,64.40496875241847,52.88667128870941,61.66036003787198
55.226805085936306,65.73431371817918,60.21627686929839,50.99019513592785,64.32728814430156
45.880278987817846,58.83026432033091,52.43090691567332,45.27692569068709,59.481089431852205
46.861498055439924,47.50789408087881,46.52956049652737,41.048751503547585,58.309518948453004
44.04543109109048,43.829214001622255,38.47076812334269,33.37663853655727,52.392747589718944
76.11832893594026,43.93176527297759,51.07837115648854,67.62396025078685,79.98124780221924
30.4138126514911,49.33558553417604,40.45985664828782,24.331050121192877,38.27531841800928
14.422205101855956,40.311288741492746,33.94112549695428,21.095023109728988,39.56008088970496
20.248456731316587,44.27188724235731,28.284271247461902,9.433981132056603,24.596747752497688
41.773197148410844,35.22782990761707,16.1245154965971,13.0,41.23105625617661
42.20189569201838,43.08131845707603,21.840329667841555,5.0,33.28663395418648
45.27692569068709,44.94441010848846,22.0,7.280109889280518,27.313000567495326
54.589376255824725,46.87216658103186,15.811388300841896,13.92838827718412,31.064449134018133
57.0701322935211,47.70744176750625,17.72004514666935,13.038404810405298,31.016124838541646
67.67569726275453,50.80354318352215,18.027756377319946,12.529964086141668,31.016124838541646
106.3296760081587,62.289646009589745,37.0,33.12099032335839,48.60041152089147
85.75546629807339,60.959002616512684,27.65863337187866,13.341664064126334,26.248809496813376
95.77577981932593,70.80254232723568,39.824615503479755,18.027756377319946,19.72308292331602
103.24727599312246,69.77105417004964,40.70626487409524,16.278820596099706,15.620499351813308
109.38464243210744,81.93900170248598,51.894122981316485,26.419689627245813,15.132745950421556
156.92354826475216,128.3627671873741,70.77428911688199,44.294469180700204,27.459060435491963
125.29964086141668,101.39033484509261,72.01388754955533,49.57822102496216,31.78049716414141
131.48764200486676,102.55242561733974,75.8023746329889,57.48912940721924,42.05948168962618
130.92364186807515,98.08669634563088,77.38862965578342,63.51377803280167,53.600373133029585
125.0,104.546640309481,84.72307831990054,67.47592163134935,60.166435825965294
130.73637596323374,106.28264204469139,85.58621384311844,70.178344238091,58.180752831155424
130.3878828726044,111.40017953306898,86.81589716175259,69.35416353759881,60.03332407921454
129.86531484580476,110.16351483136329,92.61209424259879,78.56844150166147,67.67569726275453
121.1486689980538,110.63453348751464,93.1074647920348,82.13403679352427,75.0
122.48265183282079,110.81967334368028,93.23089616645332,82.46211251235322,75.43208866258443
126.58988901172162,112.64102272262978,95.51963149007642,82.41965784932621,77.15568676384133
129.65338406690356,114.0701538527936,99.45853407325085,88.32326986700618,82.87943049997388
122.14745187681976,113.35784048754634,100.12991560967181,90.47098982546837,83.81527307120105
125.57467897629681,114.12712210513327,100.40418317978589,92.35799911215054,84.90583018850944
134.6476884316994,113.78049041905207,103.00485425454472,92.64987857520376,84.09518416651456
132.9812016790343,117.64352935882194,105.38500842150178,95.35197952848173,86.7294644281861
144.51643505151932,119.4026800369238,107.68936809174804,97.25224933131366,88.32326986700618
138.19189556555045,121.24768039018313,110.85576214162258,99.0,88.64536084872124
138.7984149765407,124.42266674525185,113.52973178863765,101.24228365658294,91.7877987534291
136.4734406395618,124.55520864259351,113.08846094982458,100.9752444909147,90.19977827023745
136.2130683891968,127.06297651164952,114.54256850621083,101.9803902718557,91.0
138.80922159568507,128.22636234409833,117.18361660232202,105.26157893552613,92.13576938409967
139.17614738165446,129.8345100502944,117.83462988442744,106.25441167311595,94.76286192385707
138.4088147481944,130.38404810405297,120.7393887677091,109.11003620199197,98.00510190801293
131.13733259449805,130.86252328302402,121.49074038789952,111.07204868912791,100.44899203078147
135.14806694880988,132.27622613304328,122.03687967167957,112.36102527122117,102.59142264341595
136.48809471891678,133.64505228402584,123.45849504995596,114.23659658795863,103.36827366266692
132.9661611087573,133.79461872586654,124.2014492669067,114.54256850621083,102.1077861869505
131.71180660821565,134.9518432626987,123.5556554755791,114.06138698087096,102.20078277586722
137.27709204379295,136.01470508735443,125.2078272313676,115.43396380615195,103.24727599312246
134.61797799699713,136.2130683891968,124.57929201917949,114.40279716860073,101.07917688624102
136.19104228986575,135.5949851580065,124.47088012864695,114.97825881443848,103.07764064044152
140.03570973148243,136.4734406395618,126.49110640673517,115.97413504743201,103.1746092796091
141.6756859873987,135.35139452550905,125.39936203984452,114.76933388322858,102.61578825892242
141.65097952361643,136.79546776117988,126.21014222319853,116.2497311824849,106.10372283760829
139.74262055650738,135.79396157414365,124.42266674525185,115.66330446602328,104.66135867644753
137.05838172107534,135.20355024924456,123.64869590901475,113.01769772916099,102.59142264341595
137.05838172107534,135.72398461583714,123.36936410632909,111.89280584559492,101.9803902718557
138.2931668593933,135.36986370680884,123.4908903522847,113.6001760562016,104.35037134576953
137.3644786689776,135.2368293032634,122.97154142320898,113.59577456930342,105.26157893552613
139.04315876734103,135.0148140020198,124.95199078045935,114.23659658795863,103.22790320451152
135.34031180694095,136.0036764208968,123.76186811776881,113.3181362359971,102.41581909060729
137.32079230764728,136.01470508735443,124.95199078045935,113.718951806636,102.41581909060729
141.90489773083945,134.00373129133382,124.73972903610141,114.23659658795863,103.22790320451152
136.06616037795732,135.03332921912278,123.97580409095961,113.718951806636,102.20078277586722
134.6291201783626,134.03357788255897,123.97580409095961,114.63420083029322,102.41581909060729
135.6244815658294,132.0,122.57650672131263,112.92475370794483,101.83319694480774
137.3644786689776,132.0,122.57650672131263,113.3181362359971,103.00485425454472
137.3644786689776,133.01503674397117,123.76186811776881,113.3181362359971,102.41581909060729
131.54847015454038,132.015150645674,123.0,112.80514172678478,102.20078277586722
132.74034804836094,133.0,122.78436382536663,112.40106761058811,102.20078277586722
131.4610208388783,131.00381673829202,121.80722474467596,111.48542505637228,100.0
134.6291201783626,132.00378782444085,122.57650672131263,112.92475370794483,101.01980003939822
133.24038426843418,131.0,121.80722474467596,112.40106761058811,101.6070863670443
138.03260484392808,132.06059215375342,122.24974437601087,112.30761327710601,100.60318086422517
139.01438774457844,130.09611831257686,122.723265927859,113.1591799192624,101.82828683622247
140.28898745090436,131.30879635424276,120.60265337047937,110.9414259868693,99.24716620639605
137.5245432641025,130.64838307457157,121.45781160551181,112.76967677527502,100.56838469419701
141.56623891309678,134.97407158413796,124.31009613060397,114.9086593777858,101.13851887386922
142.1724305201258,136.34148304899725,123.69316876852982,112.0714058089752,99.08582138732059
141.54857823376398,134.7664646712972,122.09013064126027,111.8257573191436,97.83659846908007
152.2005256232711,133.8992158304148,120.56948204251356,109.12378292562992,94.49338601193207
149.30840565755165,130.38404810405297,120.30793822520607,107.80074211247342,90.52071586106685
161.0496817755316,125.25174649480941,113.21660655575224,100.12492197250393,86.37129152675674
161.92899678562824,124.23365083583433,110.16805344563369,95.88013350011565,80.80222769206304
148.60013458944107,124.35433245367851,109.16501271011697,90.35485598461214,72.56031973468694
144.84474446799925,116.29703349613007,103.46980235798269,85.61541917201598,67.35725647619564
132.92479076530458,117.6860229593982,103.09219175087898,84.8999411071645,68.46897107449476
129.86531484580476,118.53269591129698,103.40696301506973,85.37564055396598,70.11419257183242
134.6476884316994,119.88327656516567,106.28264204469139,88.29496021857646,77.02596964660685
140.65560778013793,124.25779653607253,110.07270324653611,90.24965373894794,82.09750300709517
136.56500283747664,123.97580409095961,101.55294185792945,83.67795408588812,77.10382610480494
139.9428454762872,122.41323457861898,103.76897416858277,82.56512580987206,75.23961722390672
137.82960494755835,121.60592090848209,100.18482919085105,79.81227975693966,74.02702209328699
137.82960494755835,124.80785231707178,101.11874208078342,80.36168241145776,75.05997601918082
133.7235955244997,122.80065146407001,99.29753269845128,79.81227975693966,76.0
131.9280106724876,119.80818002123227,99.29753269845128,77.62087348130012,75.0066663703967
135.95587519485872,120.7393887677091,99.84988733093293,78.44743462982075,74.02702209328699
132.38202294873727,119.97082978791136,99.4786409235671,77.79460135510689,74.06078584514209
131.4838393111488,118.44407963254221,99.12618221237011,76.21679604916491,74.10802925459562
127.47548783981962,116.10340218959993,99.64436762808022,72.73238618387272,73.02739212103907
128.86038956948718,117.0341830406826,99.98499887483122,72.73238618387272,74.00675644831355
126.14277624977183,116.27553482998907,97.94386147176351,71.16881339463234,73.06161783043132
126.21014222319853,114.21471008587291,99.12618221237011,70.51950084905593,73.0
122.24974437601087,113.85077953180645,93.64827814754524,69.92138442565336,73.02739212103907
126.31706139710502,113.56936206565572,95.01578816175763,71.16881339463234,73.02739212103907
121.74152947946727,114.86513831445988,93.81364506296512,70.21395872616783,73.02739212103907
119.9208072020865,113.70136322841516,94.51454914456292,69.6419413859206,74.10802925459562
120.01666550941998,111.5212984142491,95.88013350011565,67.72001181334805,73.06161783043132
118.59595271340417,112.16059914247963,95.01578816175763,67.72001181334805,71.06335201775947
118.10588469674151,111.5212984142491,95.88013350011565,66.09841147864296,71.06335201775947
114.23659658795863,110.11357772772621,92.66067126888301,66.21933252457322,72.17340230306452
119.9208072020865,110.63453348751464,95.01578816175763,68.00735254367721,71.02816342831905
114.12712210513327,108.57716150277645,89.55445270895244,66.21933252457322,71.17583859709698
116.73045875006231,109.78615577567146,91.0659101969557,65.80273550544841,70.06425622241343
111.89280584559492,108.70602559196064,92.66067126888301,65.25335240430181,72.11102550927978
113.1591799192624,107.81465577554843,93.29523031752481,62.93647591023825,69.02897942168927
111.40017953306898,106.4048871058092,93.64827814754524,60.728905802755904,69.02897942168927
110.90987332063814,107.62899237658968,96.04165762834376,62.297672508690084,69.0
108.74741376235114,104.06248123122954,92.78469701410896,60.728905802755904,69.06518659932803
112.30761327710601,103.39245620450265,92.78469701410896,59.77457653551382,67.06713054842886
110.4943437466371,104.7377677822093,92.43916918709297,60.08327554319921,67.00746227100382
114.12712210513327,106.15083607772479,91.26883367283708,62.625873247404705,69.0
115.45128842936315,107.56393447619885,95.1892851112981,62.297672508690084,69.00724599634447
116.36150566231085,107.71258050942797,92.78469701410896,62.93647591023825,69.02897942168927
118.70130580579136,109.22453936730518,93.15041599477696,64.28841264178172,71.11258679024411
123.69316876852982,109.98636279102969,93.15041599477696,65.52098900352466,71.11258679024411
124.61540835707277,110.8873302050329,94.41398201537736,67.1863081289633,71.25307010929424
125.35549449465708,110.43550153822818,92.61209424259879,67.89698078707183,69.87131027825369
124.27791436936813,110.14535850411491,86.33075929238663,68.00735254367721,67.72001181334805
126.24183141890805,110.16805344563369,88.84255736976509,72.06247289678588,68.6804193347711
124.91997438360288,113.6001760562016,95.63472172804185,81.15417426109393,70.60453243241541
122.09013064126027,114.75626344561765,94.13288479590966,78.23042886243178,64.8459713474939
133.9328189802634,117.63077828527702,100.12991560967181,79.22752047110903,60.29925372672534
142.6954799564443,121.8400590938793,101.9803902718557,81.39410298049853,58.855755878248644
152.0690632574555,129.0968628588627,104.4030650891055,81.93289937503738,63.56099432828282
161.533278305122,148.93287078412206,108.46197490364999,88.11923740024082,74.06078584514209
158.7765725792064,142.33762678926468,120.15406776301833,101.11874208078342,86.83893136145792
157.64834283937145,135.1628647225265,123.1665539016173,106.17438485811914,95.2102935611481
146.74126890551273,131.70041761513136,119.6202324023825,106.23088063270491,91.43850392476902
148.43180252223578,129.43724348115578,116.81181447096864,105.6882207249228,93.38094023943002
136.31214179228496,128.56515857727553,117.32433677630571,108.55873986004075,96.93812459502195
131.79529581893277,129.55307792561317,118.92854997854805,108.45275469069469,97.59098319004681
137.2953021774598,131.01526628603247,122.24974437601087,110.92339699089638,98.85848471426213
148.4082207965583,143.1258187749506,129.55307792561317,114.16216536138407,99.32270636667126
151.25144627407698,139.05754204644924,131.00381673829202,118.86967653695369,105.1094667477673
156.28499608087785,134.17153200288055,127.0,116.29703349613007,103.07764064044152
152.7776161615307,133.88054376943649,126.03570922560003,115.57248807566617,105.30906893520614
151.99013125857877,134.12307780542466,127.06297651164952,117.38824472663352,106.6255128944288
146.53668482670133,134.12307780542466,125.06398362438324,114.27160627207444,103.81714694596457
146.24978632463024,135.82341477079717,126.03570922560003,115.7410903698423,103.61949623502326
145.06550244630873,135.82341477079717,125.01599897613104,114.75626344561765,103.61949623502326
143.58621103713267,136.56500283747664,126.03570922560003,114.93476410555685,101.23734488813898
146.75830470538966,135.09256086106296,126.0634760745554,114.75626344561765,100.31948963187563
143.39107364128355,137.87313008704777,126.00396819148197,115.31695452100702,102.45974819410792
144.9310180741169,135.36617007214173,124.01612798341996,113.1591799192624,99.80981915623332
147.87156589419075,137.31715115017496,126.03570922560003,114.93476410555685,101.6366075781753
151.99013125857877,139.44532978913278,127.00393694685216,113.78049041905207,100.17983829094555
152.7776161615307,138.91724155050014,127.06297651164952,113.26517558367179,100.18482919085105
153.88307249337075,142.27438279606065,130.09611831257686,114.23659658795863,99.72963451251589
164.47796204963143,147.10540438746634,131.03434664239754,115.95257651298655,101.9803902718557
181.46625030566977,138.0507153186828,126.39620247459969,111.40017953306898,98.11218069128827
182.4636950190366,134.4953530795767,124.4025723206719,111.68258592994702,99.84988733093293
176.40861656959956,135.83077707206124,125.39936203984452,113.6001760562016,103.83159442096611
167.14664220378464,152.0526224699857,127.66362050325849,114.79111463872106,103.07764064044152
174.28711943227475,136.0,122.98373876248843,112.53888216967503,103.73041983911952
164.23458831805192,136.03308421115798,123.5556554755791,112.53888216967503,95.69221493935649
169.5670958647343,136.13228860193308,123.76186811776881,111.7899816620434,93.81364506296512
183.41483037093812,136.1800279042415,125.76565508913791,109.73149046650191,93.47726996441435
190.63315556324403,138.45215780189199,124.77980605851253,105.08092119885512,86.4060183089118
194.53534383242547,132.38202294873727,121.27654348636426,102.1420579389313,85.0881895447306
194.18032856085088,131.24404748406687,119.64113005150027,96.54014708917737,76.15773105863909
190.1578291840754,125.51493934986385,112.8716084761797,89.27485648266257,71.0
187.77912557044246,125.31959144523253,110.54863183232979,88.05112151472007,70.178344238091
180.6931099959265,124.77980605851253,108.16653826391968,86.05230967266364,70.8590149522275
178.30591689565435,124.1491039033307,107.16809226630845,86.02325267042627,70.03570517957252
173.4877517290486,123.35720489699821,107.22872749408155,86.00581375697809,72.99315036357864
168.2914139223983,124.90796611905904,107.46627377926528,87.00574693662483,74.96665925596525
166.02710622064097,122.5275479229059,107.91200118615167,86.00581375697809,77.46612162745726
161.91355718407277,123.96773773849388,105.38026380684383,85.00588214941364,77.46612162745726
160.0562401157793,120.16655108639841,101.43470806385751,82.0,75.92759709091287
156.86937240902063,117.04699910719626,98.65596788841515,80.00624975587844,74.46475676452586
154.042202009709,116.61903789690601,96.1041102138717,77.0,72.27724399837061
146.18481453283715,117.38824472663352,93.39164844888434,76.0,71.56814934033156
145.03103116229988,115.87061750072795,94.83142938920619,77.00649323271382,71.30918594402827
140.80127840328723,114.96521212958292,93.62157870918435,76.00657866263946,71.84010022264724
139.46325680981354,114.06138698087096,94.37160589923221,76.02631123499285,71.30918594402827
139.46325680981354,115.00434774390054,94.92101980067429,77.10382610480494,73.24616030891995
139.71399357258383,115.10430052782563,92.02716990106781,75.32595834106593,71.80529228406496
139.20488497175666,116.61903789690601,93.98404119849285,76.53103945458993,71.386273190299
140.52757736472938,117.99152511939153,93.98404119849285,76.4198926981712,72.56721022610694
140.52757736472938,118.51160280748886,96.56603957913983,79.51100552753688,75.50496672405067
140.8900280360537,120.65239326262865,98.08669634563088,80.06247560499239,75.66372975210778
136.8941196691808,119.28118040998756,98.89893831583835,80.23091673413684,74.54528824815154
136.40014662748717,119.6202324023825,97.04638066409278,77.87810988975015,73.24616030891995
134.23859355639868,122.61321299109652,98.48857801796105,78.587530817554,74.16872656315464
129.71121771072848,119.97082978791136,99.4786409235671,80.0812087820857,75.0066663703967
129.25169244539896,120.10412149464314,100.84641788382967,81.32035415564789,76.02631123499285
129.25169244539896,116.18089343777659,102.62553288534,82.54089895318563,80.15609770940699
127.01574705523721,116.77756633874505,104.84750831564858,86.64871608973787,83.15046602394962
127.05904139414872,114.02192771568107,102.08329931972223,83.16850365372699,83.09632964216891
123.00406497347964,114.6298390472568,104.0096149401583,84.75848040166836,82.21921916437786
121.2023102090055,115.31261856362468,105.39449701004318,86.03487664894976,80.30566605165541
121.2023102090055,112.60994627474076,102.08329931972223,84.11896337925236,80.22468448052632
119.9208072020865,111.12605455067681,102.9271587094485,83.48652585896721,80.22468448052632
120.01666550941998,111.8659912573969,104.30723848324239,86.02325267042627,85.14693182963201
120.15406776301833,111.94641575325224,104.95713410721541,86.68333173107735,85.05292469985967
115.69356075426151,109.71326264403953,101.01980003939822,83.81527307120105,82.05485969764375
113.3181362359971,109.78615577567146,101.35580891098448,82.28000972289685,82.00609733428362
114.96521212958292,110.45361017187261,99.64436762808022,78.16009211867653,78.00640999302557
117.2006825918689,111.94641575325224,101.71037311896953,82.00609733428362,79.00632886041473
114.63420083029322,108.85311203635843,96.60227740586657,78.44743462982075,76.32168761236873
118.10588469674151,109.63576058932597,97.49358953285082,76.48529270389177,74.54528824815154
112.0044641967453,107.41508273980894,94.42986815621421,74.81310045707235,74.33034373659252
112.80514172678478,109.85900054160332,94.93682109698007,74.67261881037788,73.7563556583431
112.16059914247963,109.60383204979651,93.637599285757,74.16872656315464,74.21590126111789
111.07204868912791,107.78218776773832,92.44457799135652,74.00675644831355,72.12489168102785
114.0175425099138,108.85311203635843,93.17188417113823,75.02666192761077,69.26037828369117
111.08555261599052,111.07204868912791,93.74433316206373,76.02631123499285,63.60031446463138
111.80339887498948,110.67971810589327,94.92101980067429,74.10802925459562,55.731499172371095
133.60014970051492,122.57650672131263,103.31505214633539,79.84985911070852,58.69412236331676
115.76268828944843,109.20164833920778,91.98369420718001,70.8590149522275,47.042533945356304
131.18688958886096,114.17968295629481,92.72000862812729,71.16881339463234,47.43416490252569
150.3362896974646,128.75169901791588,106.4377752492037,83.24061508662703,64.20280367709809
143.39107364128355,115.76700738984316,94.33981132056604,73.35529974037323,54.644304369257
147.82760229402356,119.9208072020865,98.35141076771599,77.82030583337487,64.40496875241847
140.81193131265547,117.44360348695028,102.31813133555558,86.28441342444185,73.0
135.71293232407882,114.72575996697516,100.31948963187563,86.2670273047588,75.66372975210778
135.71293232407882,111.57060544785082,98.08669634563088,87.41853350405736,77.83315488916018
137.48090776540573,111.6288493177279,98.79271228182775,89.05054744357274,81.46778504415104
127.57742747053649,111.64676439557037,100.24470060806208,91.80958555619343,84.29116205154607
124.90396310766124,112.44554237496477,101.83319694480774,92.9623579735368,84.8999411071645
133.63382805263043,115.00434774390054,104.04806581575652,96.17692030835673,89.19641248391103
124.06449935416659,115.10864433221339,107.8702924812944,97.30878685915265,88.40814442120137
123.68508398347798,116.61903789690601,109.03669107231748,97.40636529508737,86.83893136145792
125.44720004846661,119.07980517283357,111.64676439557037,99.62429422585637,89.58794561770016
128.7245120402482,119.68291440301745,111.36426715962351,99.72462083156798,88.32326986700618
130.8166656049603,120.41594578792295,113.07077429645558,99.92497185388645,87.70974860299168
130.26895255585654,121.2023102090055,114.10959644131601,101.86756107809786,88.54942122905152
133.88054376943649,121.80722474467596,115.00434774390054,101.0,88.14193099768123
131.70041761513136,123.35720489699821,114.03946685248927,102.39140588936164,88.54942122905152
131.21737689803132,125.92855117089213,116.00431026474836,103.94229168149026,89.96110270555825
135.1628647225265,124.42668524074729,117.0,103.75451797391764,89.55445270895244
135.5949851580065,124.19742348374221,117.00427342623003,104.92378186092989,92.30926280715278
136.82105101189657,123.9395013706284,117.00427342623003,105.72133181151285,93.23089616645332
132.90974381135493,123.5556554755791,117.06835610018618,105.53672346628922,93.1074647920348
132.1854757528224,124.95199078045935,119.01680553602503,106.88779163215975,96.00520819205592
132.90974381135493,125.7179382586272,117.06835610018618,105.32331175955302,93.5200513259055
132.43866504914644,129.71121771072848,119.26860441876563,106.23088063270491,94.37160589923221
132.69890730522238,129.24782396620841,120.10412149464314,107.28000745712129,93.62157870918435
132.1854757528224,131.84839779079607,121.1486689980538,108.4665847162157,96.77293009927931
131.70041761513136,131.84839779079607,122.20065466273084,106.51291001564083,94.42986815621421
130.728726758888,132.01893803541975,123.1990259701756,109.65856099730654,96.25487000666512
131.46862743635836,130.04999038831184,121.1486689980538,109.65856099730654,96.66436778875658
132.21951444472938,131.03434664239754,122.14745187681976,110.42191811411355,98.08669634563088
134.17153200288055,132.83448347473634,123.1990259701756,108.6830253535482,95.34149149242423
133.41664064126334,131.03434664239754,123.14625451064275,111.40017953306898,99.00505037623081
135.09256086106296,132.83448347473634,123.1990259701756,110.85576214162258,97.57561170702442
133.88054376943649,131.68523075880606,123.1990259701756,110.85576214162258,97.57561170702442
134.12307780542466,132.74034804836094,122.80065146407001,109.48059188732951,97.12878049270464
138.24615727028365,131.85598204101322,121.49897118905987,109.20164833920778,97.52948272189288
139.90353819685905,129.86916493148019,119.60351165413162,107.56393447619885,95.01578816175763
144.12841496387864,129.46814279968643,118.94956914591998,107.83784122468327,95.71833680126291
144.34680460612904,130.09611831257686,118.53269591129698,107.91200118615167,97.3498844375277
146.16771189288008,128.06248474865697,119.10079764636339,110.92339699089638,102.80077820717118
140.4314779527724,126.57013865837392,118.68024266911489,112.76967677527502,107.93516572461452
137.18600511714013,128.65846260545786,122.97154142320898,113.59577456930342,110.20889256316842
134.34656675925888,128.9961239727768,124.04031602668546,115.3819743287486,109.40292500660117
130.41855696180662,126.15070352558483,123.96773773849388,116.29703349613007,108.00462953040486
123.9395013706284,125.13193037750197,120.90492132250036,113.37107214805724,104.48444860360799
124.61540835707277,120.83873551142449,116.45600027478189,110.78808600206071,103.71113729971339
121.75385004179539,117.44360348695028,113.1591799192624,108.81176406988355,101.11874208078342
118.29623831720095,115.52056094046635,110.63905277974861,106.4048871058092,97.83659846908007
113.52973178863765,115.45128842936315,108.72442227944924,103.24727599312246,94.86832980505137
114.49017425089369,113.1591799192624,106.60675400742676,100.4987562112089,89.04493247793498
112.16059914247963,113.37107214805724,108.4665847162157,102.00490184299969,93.02150289046077
118.46096403457132,117.47765745025733,111.12605455067681,101.25709851659784,91.92388155425118
135.07405376311175,104.89041900955492,91.26883367283708,82.96987405076617,78.02563681252464
78.87331614684399,59.033888572581766,38.01315561749642,25.96150997149434,12.529964086141668
81.59656855530139,86.37129152675674,92.13034245024816,96.77293009927931,100.24470060806208
80.62257748298549,76.32168761236873,64.40496875241847,67.67569726275453,66.03029607687671
162.24672569885655,116.81181447096864,98.2344135219425,102.12247548899312,104.92378186092989
182.64993840677855,136.1800279042415,113.52973178863765,111.00450441310929,106.7379969832674
206.45580640902304,163.04907236779974,139.61733416735902,132.67252918370102,124.25779653607253
205.80573364218986,163.40440630533806,143.38758663147937,133.3604139165742,123.40583454602137
209.1219739769114,163.21764610482532,142.44297104455524,134.6291201783626,128.76334882255898
208.6648029735729,174.01149387324966,152.7121475194426,138.6001443000692,134.18271125595876
207.85090810482401,175.2369823981228,155.7562197795003,141.23030836190935,136.03308421115798
207.76188293332345,171.64206943520577,151.28780519261954,136.7808466123821,132.13629327327143
210.20466217474817,168.66831356244717,147.2311108427835,133.82077566656082,130.13838787997952
210.87437018281761,170.23806859806652,149.05368160498418,136.7808466123821,133.18408313308313
209.6115454835444,171.95929750961417,149.83324063771698,136.49908424601244,133.09395177843356
212.03773249117714,173.83325343558406,153.93505123915085,140.42791745233566,133.06013678032951
208.4346420343797,170.41713528867922,150.7348665704123,136.69308687713507,133.09395177843356
208.4346420343797,173.761330565808,153.8473269186046,139.21566003866087,135.00370365289984
207.80038498520642,171.5925406304132,153.8440769090575,139.94641831786907,137.0
208.60009587725506,170.94151046483705,153.39491516996253,139.94641831786907,137.0
201.6035713969373,173.11268006705922,159.21055241409096,142.61837188805654,140.1748907615055
206.45580640902304,180.16103907338012,163.24827717314508,146.84004903295286,140.4314779527724
203.40353979220717,174.41330224498358,159.70597985047397,144.3675863897433,139.2300254973761
212.40762698170704,177.89041570584965,162.82505949638096,146.84004903295286,140.28898745090436
214.61826576505553,177.45985461506498,161.90120444270946,148.22280526288793,142.22517358048822
215.23010941780427,177.1383639983163,160.65490966665163,146.03081866510234,140.05713120009278
209.6115454835444,181.3201588351389,165.0272704737008,150.41608956491322,144.2809758769326
214.40149253211834,181.8130908378162,162.82505949638096,147.96283317103658,142.12670403551894
213.08449028495716,177.89041570584965,158.42032697857937,144.3675863897433,138.13037319865606
211.69081227110448,174.22973339817747,156.11854470241516,141.40014144264495,135.0148140020198
211.0781845667619,182.00274723201295,155.2610704587599,136.79546776117988,127.0
193.87109119205988,164.83021567661677,137.87675656179326,126.25371281669304,111.9866063420086
196.74348782107123,147.87156589419075,121.1156472137271,107.07474025184464,93.98404119849285
160.822883943797,119.47384651043926,99.72462083156798,79.1580697086532,81.60882305241266
193.82982226685345,141.4814475470194,109.9317970379817,92.0,79.37883848986453
115.26057435220423,103.31021246711285,65.25335240430181,48.38388161361178,47.20169488482379
125.32358118087753,120.9297316626478,77.82673062643708,43.08131845707603,16.76305461424021
109.04127658827184,118.72657663724664,76.02631123499285,40.311288741492746,15.264337522473747
86.28441342444185,100.18482919085105,62.00806399170998,29.68164415931166,17.4928556845359
70.57619995437555,77.4919350642375,41.048751503547585,13.601470508735444,22.20360331117452
71.28113354878694,75.02666192761077,32.28002478313795,2.23606797749979,27.0
84.59905436823747,80.60397012554654,26.870057685088806,19.209372712298546,46.17358552246078
119.54078801814885,90.0,45.617978911828175,37.16180835212409,53.53503525729669
115.6027681329474,100.90094152187085,62.289646009589745,51.42956348249516,59.64059020499378
123.0,116.29703349613007,101.01980003939822,91.83681179135085,83.54639429682169
128.5496013218244,118.37651794169315,107.2240644631605,96.89685237405806,87.72684879784524
122.48265183282079,117.27744881263405,105.84894897919393,97.65244492586962,89.10667763978185
121.80722474467596,117.23907198540937,106.28264204469139,96.56603957913983,87.69264507357501
121.2023102090055,118.53269591129698,107.91200118615167,97.63708311906906,87.68124086713189
122.64175471673585,119.07980517283357,107.83784122468327,96.04165762834376,88.41379982785493
125.51493934986385,116.61903789690601,104.67568963231147,96.79876032264049,87.0
129.634100452003,117.61377470347595,104.35516278555652,95.96353474106714,87.72684879784524
130.8166656049603,121.06196760337245,107.56393447619885,96.51942809610924,86.37129152675674
129.52219886953742,122.18837915284743,109.78615577567146,97.63708311906906,89.10667763978185
133.3641631023867,121.92620719107111,109.4440496326776,97.63708311906906,86.27861844049197
130.41855696180662,121.69634341261039,106.56922632730333,95.71833680126291,85.56284240252891
136.13228860193308,124.31009613060397,112.60550608207397,101.01980003939822,89.1403387922662
131.93938001976514,121.19818480488888,109.78615577567146,99.56907150315303,88.3911760301898
134.17153200288055,122.0,108.26818553942798,99.02019995940222,86.27861844049197
137.7679207943562,122.97154142320898,109.38464243210744,97.63708311906906,84.8999411071645
146.4137971640651,123.03251602726817,108.85311203635843,94.66784036831093,80.2807573457052
147.80054127099805,118.92854997854805,105.30906893520614,91.58602513484249,77.46612162745726
144.5441109142811,114.58621208504974,101.76934705499491,86.95401083331349,70.60453243241541
148.24641648282767,115.03912377969506,101.23734488813898,83.24061508662703,64.35060217278468
147.35331689514152,113.17685275708986,100.64790112068906,81.41252974819048,62.64982043070834
146.81961721786362,110.63905277974861,97.50897394599124,79.62411694957753,62.24146527838174
133.22537295875736,110.02272492535349,98.6154146165801,80.77747210701756,61.98386886924694
139.31259813814398,111.4136436887332,98.48857801796105,79.84985911070852,62.93647591023825
132.00378782444085,112.69871339105873,99.16148445843275,81.27115109311545,64.32728814430156
121.75795661885921,117.17081547894082,102.52804494381037,84.48076704197234,66.75327707311455
120.65239326262865,117.17081547894082,103.12128781197411,83.67795408588812,67.26812023536856
125.03199590504823,119.47384651043926,105.34229919647663,86.34813257969161,74.06078584514209
126.57013865837392,120.56948204251356,106.77546534667971,88.76936408468859,80.15609770940699
126.24579200908045,117.5967686630887,102.45974819410792,87.09190547921202,79.1580697086532
131.76494222667878,116.2497311824849,100.22474744293447,83.67795408588812,79.02531240052139
129.79984591670362,114.80853626799707,100.62305898749054,82.96987405076617,78.10249675906654
126.75172582651489,114.33722053644648,98.48857801796105,80.36168241145776,75.16648189186454
125.93649193144932,112.92918134831227,94.41398201537736,77.88452991448301,74.02702209328699
122.87391912037315,110.75197515168747,94.02127418834527,76.6550715869472,74.0
127.02755606560333,110.63453348751464,95.01578816175763,77.20103626247513,74.02702209328699
123.97580409095961,110.5350623105628,92.28217596047462,75.96051605933177,74.00675644831355
126.49110640673517,110.63453348751464,92.28217596047462,75.96051605933177,74.00675644831355
125.67020331009256,111.28791488746656,90.91754506144565,75.69015788066504,73.0
125.36347155371855,109.78615577567146,91.92388155425118,75.0,74.00675644831355
124.80785231707178,107.05606008068857,91.4166286842826,74.72616676907762,74.0
126.24579200908045,109.04127658827184,91.58602513484249,74.33034373659252,73.02739212103907
127.31457104353767,109.12378292562992,90.55385138137417,75.0,74.0
126.49110640673517,109.04127658827184,92.43916918709297,75.28612089887484,74.00675644831355
126.19429464123962,109.78615577567146,91.92388155425118,75.0,74.0
126.4792473095883,109.04127658827184,91.92388155425118,75.0,74.0
127.3184982632139,109.04127658827184,93.29523031752481,76.24303246854758,75.0
126.4792473095883,108.37435120913067,91.92388155425118,75.0,74.0
126.4792473095883,108.37435120913067,91.0659101969557,75.0,74.0
129.24782396620841,109.78615577567146,92.43916918709297,76.24303246854758,74.00675644831355
129.00387591076478,110.63453348751464,95.01578816175763,78.16009211867653,76.0
126.77933585565118,111.12605455067681,97.94386147176351,78.74642849044012,77.02596964660685
128.96898852049665,110.3177229641729,97.3498844375277,79.71198153351854,77.1621668954417
125.92458060283545,111.07204868912791,97.63708311906906,80.00624975587844,77.05841939723393
126.24579200908045,111.73182178770737,97.65244492586962,77.83315488916018,76.23647421018367
127.61269529321916,111.03603018840326,98.22932352408826,79.47955712005447,76.32168761236873
124.01612798341996,109.78615577567146,96.40020746865642,78.0,75.4254598925323
131.50285168010618,111.80339887498948,97.8008179924892,78.92401408950256,76.53103945458993
129.18978287774928,109.87720418721983,96.82974749528164,78.79086241436883,76.6550715869472
126.37246535539299,111.12605455067681,95.80187889597991,78.0,75.53806987208503
123.43419299367578,110.63453348751464,95.80187889597991,77.62087348130012,76.4198926981712
119.20570456148481,111.19802156513397,98.00510190801293,79.84985911070852,77.41446893184762
117.15374513859982,107.62899237658968,96.02083107326243,77.25283166331187,76.23647421018367
108.70602559196064,104.00480758118829,97.3498844375277,80.32434251209281,78.02563681252464
99.80981915623332,100.44899203078147,94.33981132056604,77.88452991448301,75.02666192761077
93.81364506296512,96.89685237405806,90.0499861188218,74.21590126111789,72.24956747275377
82.66196223173026,95.01578816175763,88.32326986700618,70.3420215802759,68.11754546370561
70.45565981523414,88.72992730753249,79.75587752636166,63.06346010171025,59.30430001273095
46.32493928760188,76.57675887630658,59.90826320300064,47.853944456021594,50.21951811795888
42.5440947723653,77.23341245859851,54.91812087098393,41.773197148410844,44.9221548904324
44.40720662234904,73.24616030891995,47.80167361086848,41.97618372363071,44.384682042344295
37.20215047547655,64.81512169239521,39.96248240537617,36.0,42.15447781671598
24.839484696748443,63.41135544995076,38.600518131237564,32.0,41.6293165929973
15.811388300841896,65.60487786742691,33.24154027718932,25.019992006393608,38.41874542459709
21.095023109728988,66.03029607687671,33.24154027718932,25.019992006393608,37.20215047547655
31.38470965295043,65.36818798161687,32.64965543462902,21.0,29.832867780352597
48.84669896727925,61.09828148156051,36.235341863986875,21.095023109728988,28.30194339616981
71.58910531638176,59.53990258641679,33.61547262794322,13.892443989449804,19.4164878389476
93.47192091746055,65.06919393998976,36.138621999185304,15.652475842498529,9.055385138137417
113.59577456930342,81.61494961096282,48.05205510693585,23.259406699226016,16.492422502470642
133.41664064126334,109.83624174196785,88.60022573334675,60.03332407921454,50.24937810560445
141.56623891309678,115.11733144926528,99.92997548283498,85.44003745317531,78.49203781276162
129.5569372901351,126.92123541787639,109.4440496326776,99.64436762808022,89.1403387922662
134.8517704741024,114.0175425099138,94.36630754670864,79.62411694957753,74.2024258363566
132.03408650799233,122.3315167894194,112.27199116431488,104.44615837837216,96.54014708917737
132.06059215375342,118.00423721205946,105.11898020814318,97.30878685915265,93.49331526906082
132.23085872821065,119.25183436744275,108.37435120913067,97.32420048477151,94.15412895885129
130.54118124178285,130.75167302944922,111.36426715962351,104.80935072788114,103.78824596263297
112.08925015361643,141.15594213493105,124.57929201917949,117.15374513859982,105.51303237041384
151.2679741386127,128.01562404644207,122.12288892750614,110.04090148667449,108.25894882179486
107.42439201596628,140.21768789992225,132.4424403278647,117.957619508025,105.23307464861035
170.60187572239644,133.70115930686615,118.68024266911489,107.46627377926528,102.25947388873072
102.57680049601859,137.7534028617805,140.73023839957068,104.34557968596465,88.0
174.14074767268,137.27709204379295,121.24768039018313,112.61438629233834,104.47966309287182
97.41663102366043,134.1118935814419,142.0774436706967,100.56838469419701,78.91767862779544
176.82759965570986,140.75865870347016,124.90796611905904,114.72575996697516,103.00485425454472
177.1383639983163,147.98986451781082,133.70115930686615,121.26417442921878,110.16805344563369
180.83417818543043,152.43359209832983,136.49908424601244,126.11502686040232,114.47707194019246
179.3348822733603,153.68799562750502,140.18559127100045,131.36970731489052,119.25183436744275
191.3243319601561,154.3502510525979,141.4496376806954,132.06059215375342,120.33287165193059
203.17972339778396,157.00318468107582,144.04513181638595,132.90974381135493,123.48279232346505
196.562967010574,158.90248582070703,148.4048516727132,135.28118864054971,122.11879462228572
195.74728606036916,158.48343762046557,149.4958193395387,135.79396157414365,124.55520864259351
194.24726510301247,157.20368952413298,147.27525250360293,134.3800580443393,124.02015965156633
194.18032856085088,156.26259949200897,146.44111444536333,133.6600164596728,121.79490958164057
194.79733057719247,155.59562975867928,145.64683312726027,134.41726079637243,124.53513560437472
193.58202395883765,155.283611498445,144.91721774861674,133.12400234367956,120.43255373859678
190.87692369692047,154.33081351434652,145.7737973711325,133.12400234367956,122.06555615733703
198.65799757371965,154.63828762631846,146.2908062729849,134.61797799699713,123.81033882515628
187.3606148580859,154.00324671902212,142.88806808127822,133.73481222179961,123.70933675353692
188.04786624686813,150.5257453062432,142.35870187663275,133.05637902783917,125.09996003196804
185.16209115258988,148.62705002791384,140.13208055259867,131.59027319676784,121.75795661885921
184.88915598271305,149.61617559608987,139.9428454762872,130.9083648969767,120.10412149464314
191.1334612253961,150.57224179774968,142.1724305201258,132.38202294873727,122.88612614937456
187.25650856512306,152.7776161615307,143.54441821262157,134.5362404707371,124.85191228010886
183.92661580097646,149.91330828182,141.8344104933637,133.05637902783917,122.06555615733703
179.62739212046696,150.2165104108067,141.8344104933637,132.38202294873727,122.06555615733703
183.24027941476186,152.48606493709516,145.2618325645109,136.02940858505562,127.41271522104849
178.3704011320264,151.52887513606112,143.8923208513922,134.61797799699713,124.61942063739504
180.36074961032958,153.44380078712857,146.98639392814562,136.12494260788506,124.4025723206719
183.74166647769363,154.69001260585637,146.12323566086263,136.12494260788506,127.20062892926276
185.44001725625458,155.64703659241314,147.49237268414933,138.10503249338888,129.0348790056394
184.48035125725448,154.69001260585637,146.63219291819925,136.69308687713507,129.0348790056394
189.84203960134857,154.02921800749363,147.14618581533128,137.3608386695422,129.0348790056394
191.0863679072895,157.19096666157378,146.2908062729849,135.83077707206124,128.41339493993607
187.2591786802452,154.95160534825058,147.87156589419075,138.6578522839583,130.09611831257686
185.9516066077408,155.58920271021378,146.81280598094978,137.2953021774598,129.2749008895385
193.54069339547175,156.21779668142807,147.87156589419075,138.6578522839583,132.5745073534124
193.22784478433744,158.11388300841898,149.25146565444507,140.03570973148243,132.85330255586422
195.43796969882797,157.48650735856708,149.25146565444507,140.07141035914503,132.31024147812596
190.71706793048176,156.54072952429985,149.25146565444507,140.07141035914503,131.48764200486676
199.04019694524018,157.16551784663199,148.18906842274163,139.44532978913278,131.24404748406687
189.42280749687984,154.00324671902212,147.02720836634285,137.93114224133723,129.52991932368366
191.9713520294109,156.54072952429985,149.25146565444507,140.75865870347016,133.96268137059664
195.78815081613087,158.75767697972907,150.33296378372907,140.75865870347016,130.3572015655445
197.25364381932212,158.48343762046557,152.86922515666782,142.86357128393507,130.86252328302402
199.90497742677644,156.08010763707205,148.92279879185725,135.66502865514016,125.93649193144932
176.13914953808538,160.86329600005092,150.72159765607583,136.79546776117988,134.00373129133382
90.69729874698585,108.74741376235114,98.2700361249552,96.13012014972206,86.31338250816034
169.19810873647495,137.41906709041507,115.43396380615195,104.9952379872535,103.83159442096611
157.01273833673497,137.8985134075056,129.65338406690356,121.63058825805291,114.82595525402782
155.3479964466874,144.99655168313487,144.75496537252184,133.843191832831,125.1758762701504
159.3267083699403,155.46703830716015,147.85127662620977,136.12494260788506,126.82271089990152
165.64117845511726,173.72679701186,152.85614151874958,141.42842712835352,133.13526955694348
157.30543537970962,190.60167890131504,170.01764614298128,149.90663761154806,135.9154148726332
152.50573759698355,188.7246671741667,148.12157169028418,130.86252328302402,124.02015965156633
152.7121475194426,179.41293152947478,144.46106741956464,130.728726758888,120.06664815842908
143.96180048887967,179.7804216259379,151.82226450688975,133.9589489358587,124.16923934694937
140.089257261219,173.1415605797753,155.60205654167942,141.2267680009707,129.65338406690356
137.0875632579411,167.5022387910084,148.38463532320318,132.38202294873727,122.4499897917513
148.00675660252813,157.47063218263906,145.60219778561037,131.89389675038038,128.9961239727768
133.6637572418193,163.6154026979123,140.80127840328723,120.41594578792295,112.71202242884297
144.4714504668656,156.1089363233252,135.2479205015737,118.06777714516353,114.93476410555685
125.2836781069266,153.52198539622916,129.0155029444136,108.70602559196064,105.60303025955268
129.6919426949878,154.1557653803451,128.22246293064254,111.39569111954016,105.99056561788883
130.080744155313,150.3761949245957,123.97580409095961,110.45361017187261,108.2266141020775
143.024473430249,126.64912159190051,106.3296760081587,95.67131231461184,95.46203433826454
139.51702405083043,128.15615474880636,101.54801819828883,91.21403400793103,93.30058949438637
139.98928530426892,122.19656296312102,103.00485425454472,92.0869154657707,88.32326986700618
148.48568954616468,125.80143083447024,105.75916035975324,96.38464608017192,90.24411338142782
151.61134522191932,127.90621564255585,109.78615577567146,101.35580891098448,92.64987857520376
151.44966160411187,134.61797799699713,119.00420160649792,109.59014554237986,97.01546268507923
157.29272074701996,138.10503249338888,121.01652779682617,108.33743581975715,91.98369420718001
143.93401265857906,137.17871555019022,116.49892703368559,103.46980235798269,87.0976463516667
147.92227688891217,133.6899397860587,110.38568747804219,93.1074647920348,78.10249675906654
168.8342382338369,132.94359706281458,102.7277956543408,79.88116173416608,61.326992425847855
176.11927776367924,128.03515142334936,109.71326264403953,83.73768566183328,64.40496875241847
166.14752480852673,117.45637488020819,93.33809511662427,68.76772498781678,51.478150704935004
165.42369842317032,116.77756633874505,89.1403387922662,64.40496875241847,52.92447448959697
171.011695506477,122.0245876862528,93.50935782048768,68.5054742338158,58.82176467941097
172.40939649566667,135.09256086106296,95.01578816175763,72.069410986909,66.09841147864296
174.62244987400675,129.20139318134306,96.93812459502195,73.06161783043132,70.21395872616783
177.73013250431114,129.61867149450345,95.46203433826454,72.20110802473879,70.40596565632774
178.36199146679206,128.6001555209013,96.17692030835673,72.94518489934754,72.99315036357864
179.51323071016242,127.00393694685216,96.89685237405806,75.17978451685,73.824115301167
181.2181006411887,128.40560735419618,98.35141076771599,74.70609078247904,74.81310045707235
179.6941846582688,129.63024338479042,99.82484660644363,76.94153624668537,74.81310045707235
179.655225362359,134.01492454200763,102.06860437960343,80.95060222135473,77.92945527847606
182.43354954612926,136.35981812836215,100.89598604503551,82.76472678623425,79.63039620647382
182.43354954612926,136.49908424601244,101.67103815738285,83.2586331859946,80.50465825031493
179.61069010501575,138.68309197591464,100.12492197250393,82.34682750416071,78.5175139698144
179.0111728356641,140.5844941663198,98.2344135219425,81.15417426109393,78.31347265956222
179.13402803487674,127.47548783981962,98.812954616285,80.99382692526635,79.1580697086532
179.30142219179413,129.49517365523704,98.4733466477097,80.65358020571685,78.10249675906654
180.92263539977523,128.03515142334936,95.69221493935649,77.1621668954417,76.05918747922567
178.99720668211557,137.2953021774598,95.44108130150245,76.55063683601855,78.05767098754612
178.22738285684386,128.08200498118384,91.83681179135085,72.73238618387272,76.00657866263946
179.63574254585305,128.14444974324874,92.20086767487604,73.38937252763509,74.06078584514209
174.14074767268,124.52309022827855,89.87213138676528,72.12489168102785,75.0066663703967
174.7741399635541,123.1665539016173,88.23264701911646,71.47027354082255,75.0066663703967
175.410946066658,128.08200498118384,89.87213138676528,73.37574531137656,76.0
175.85505395068975,121.0826164236634,85.70297544426332,69.6419413859206,76.02631123499285
176.47662734764623,117.45637488020819,85.14693182963201,69.3757882838098,77.02596964660685
176.81911661356077,118.92854997854805,86.2670273047588,70.21395872616783,76.0
174.7741399635541,121.75385004179539,87.09190547921202,71.16881339463234,76.00657866263946
174.7741399635541,124.52309022827855,89.05054744357274,72.42237223399962,78.0
174.7741399635541,126.66885963013956,91.83681179135085,76.21679604916491,79.02531240052139
173.11268006705922,122.494897852931,88.81441324469807,71.47027354082255,76.0
174.28998823799375,130.83195328359201,91.52595260361949,75.58438992278762,81.00617260431454
174.7741399635541,123.23960402403117,89.40357934669059,71.78439941937245,77.0
176.9547964876906,128.03515142334936,91.2633551870629,75.58438992278762,81.0
176.1817243643619,120.34118164618461,89.05054744357274,72.42237223399962,78.00640999302557
178.22738285684386,128.70120434556935,90.13878188659973,74.63243262818116,82.00609733428362
174.0028735394907,118.86967653695369,89.05054744357274,71.47027354082255,77.00649323271382
178.5077029150283,125.25573839150046,89.05054744357274,73.68174807915459,82.05485969764375
176.9547964876906,118.82760622010359,89.87213138676528,72.42237223399962,79.02531240052139
178.36199146679206,128.03515142334936,90.44335243676011,74.0,81.02468759581859
177.5894140989265,118.25819210524064,86.83893136145792,70.83784299369935,78.02563681252464
176.32356620712955,130.8166656049603,88.23264701911646,72.42237223399962,79.0
175.2369823981228,123.76186811776881,89.05054744357274,73.37574531137656,78.05767098754612
164.20109622045769,121.0826164236634,91.2633551870629,71.84010022264724,75.32595834106593
142.61135999632006,120.96693763173474,96.89685237405806,81.39410298049853,83.54639429682169
117.15374513859982,118.44407963254221,86.02325267042627,61.68468205316454,54.230987451824994
129.86531484580476,132.61221663180206,82.80700453464067,59.033888572581766,35.05709628591621
121.06196760337245,105.00476179678711,60.08327554319921,32.55764119219941,10.295630140987
142.55525244620065,115.7410903698423,68.62215385719105,45.0111097397076,27.459060435491963
190.05525512334563,138.7984149765407,104.44615837837216,73.76313442364011,41.10960958218893
228.01096464863264,171.81676286090365,133.41664064126334,110.0,97.01546268507923
201.72506041639943,169.53170794869024,141.6827441857335,122.80065146407001,105.23307464861035
193.19679086361657,161.20794025109308,135.38463723776047,123.32072007574396,107.46627377926528
192.89893727027115,157.87653403846943,139.5886814895821,125.39936203984452,115.0173899895142
183.91846019364124,159.13830462839547,145.89036979869508,132.25732493892352,123.68508398347798
190.9659655540746,161.6168308066954,148.44864431849825,138.00362314084367,133.00375934536586
202.1410398706804,155.8621185535472,146.81961721786362,140.9432509913121,143.75326083258076
191.19100397246729,156.82155464093577,147.98986451781082,137.05838172107534,136.40014662748717
190.04473157654226,154.48624534242524,148.49242404917499,134.52509059651288,128.69343417595164
192.93781381574738,140.470637501223,139.51702405083043,123.22743201089601,113.21660655575224
198.3053201505194,140.40655255364686,138.3979768638256,118.82760622010359,108.2266141020775
195.65530915362353,136.79546776117988,132.00378782444085,114.6298390472568,105.11898020814318
195.02820308868152,137.11673858431726,131.4838393111488,116.84605256490268,107.07474025184464
204.65825172711703,139.90353819685905,134.18271125595876,117.0341830406826,108.2266141020775
206.77040407176264,142.86357128393507,136.8941196691808,119.97082978791136,112.8007092176286
205.40691322348428,142.41137595009747,136.0588108135596,121.37956994486346,113.6001760562016
201.9925741209315,142.41137595009747,132.5028301584536,118.56221995222593,111.8257573191436
203.35437049643167,144.25671561490648,133.5402561027947,121.21056059601408,112.69871339105873
202.15835377248203,150.74813431681335,139.1402170474087,124.86793023030373,116.10340218959993
188.59745491389856,145.52662986546483,132.7742444904131,120.20815280171308,111.75866856758807
173.6663467687393,143.8923208513922,129.40247292845683,115.43396380615195,105.3612832116238
176.92088627406318,143.1258187749506,126.14673994994877,113.64858116140297,100.4987562112089
176.40011337864837,137.44089638822936,117.881296226331,106.53168542738823,95.13148795220224
176.91240770505613,135.29966740535616,116.41735265844177,103.94229168149026,96.16652224137046
162.50538452617502,142.86357128393507,125.25174649480941,112.32987136109433,104.06248123122954
156.97770542341354,133.76471881628578,118.15244390193544,109.48059188732951,101.6366075781753
181.70580618131055,136.0036764208968,116.69190203266035,109.9317970379817,98.97979591815695
188.73261509341728,116.9700816448377,96.38464608017192,82.97590011563598,77.3692445355388
109.22453936730518,110.3177229641729,86.37708029332781,67.60177512462228,52.478567053607705
